-- phpMyAdmin SQL Dump
-- version 5.0.4
-- https://www.phpmyadmin.net/
--
-- Host: 127.0.0.1
-- Generation Time: Feb 25, 2021 at 12:07 PM
-- Server version: 10.4.17-MariaDB
-- PHP Version: 8.0.0

SET SQL_MODE = "NO_AUTO_VALUE_ON_ZERO";
START TRANSACTION;
SET time_zone = "+00:00";


/*!40101 SET @OLD_CHARACTER_SET_CLIENT=@@CHARACTER_SET_CLIENT */;
/*!40101 SET @OLD_CHARACTER_SET_RESULTS=@@CHARACTER_SET_RESULTS */;
/*!40101 SET @OLD_COLLATION_CONNECTION=@@COLLATION_CONNECTION */;
/*!40101 SET NAMES utf8mb4 */;

--
-- Database: `boum_books_db`
--

-- --------------------------------------------------------

--
-- Table structure for table `authors`
--

CREATE TABLE `authors` (
  `atr_id` bigint(20) UNSIGNED NOT NULL,
  `atr_name` varchar(255) COLLATE utf8mb4_unicode_ci NOT NULL,
  `atr_last_name` varchar(255) COLLATE utf8mb4_unicode_ci NOT NULL,
  `atr_email` varchar(255) COLLATE utf8mb4_unicode_ci NOT NULL,
  `atr_phone_number` varchar(15) COLLATE utf8mb4_unicode_ci NOT NULL,
  `atr_address` varchar(255) COLLATE utf8mb4_unicode_ci NOT NULL,
  `atr_bio` text COLLATE utf8mb4_unicode_ci NOT NULL,
  `atr_photo` varchar(255) COLLATE utf8mb4_unicode_ci NOT NULL,
  `atr_created_at` datetime NOT NULL,
  `atr_updated_at` datetime NOT NULL
) ENGINE=MyISAM DEFAULT CHARSET=utf8mb4 COLLATE=utf8mb4_unicode_ci;

--
-- Dumping data for table `authors`
--

INSERT INTO `authors` (`atr_id`, `atr_name`, `atr_last_name`, `atr_email`, `atr_phone_number`, `atr_address`, `atr_bio`, `atr_photo`, `atr_created_at`, `atr_updated_at`) VALUES
(1, 'Rahim', 'Rahimi', 'Rahim@czoding.com', '07890090', '', 'Hello world, \r\nThis is m', 'Cjtlm70AmaZgKwcCTyXLHNZ7Jt5lDzIgLPG43im1.png', '2020-11-23 08:59:28', '2020-11-23 08:59:28'),
(2, 'Subhan', 'Rahimi', 'wais@nomail.com', '0780008881', 'North Street 5, Kabul, Afghanistan.', 'Let Me think about it, first.', 'XvYbgCPO8ixZR108Qdyc41X8CFV3H54bSyMqEZNB.png', '2020-11-24 06:12:33', '2020-11-25 06:11:35'),
(5, 'Ali', 'Ahmad', 'hello@nomial.com', '08999999', 'kabul, Afghanistan', 'When you see the word gratitude thrown in there, you get a little intrigued. And after scrolling through some pictures, you immediately see that she has a prosthetic leg. \r\n\r\nAnd much of her Instagram includes pictures of her living life, travelling, and having fun, which makes her interesting to follow. Pretty sure her 2.6 million followers agree. \r\n\r\nThe best bio will always be the one that’s easy to read and takes your most enticing interests, which are two important Instagram bio tips to copy.', 'ajjYNsRuhCcVvZJPatmCzmECDkfarOqOD2758egx.jpeg', '2020-11-25 09:16:11', '2020-11-28 07:34:29'),
(6, 'asdfasd', 'asdfasdf', '2a@aaa.com', '34234234234', 'werqwer', 'werwerwerasf', 'NKkj87aAZ2mYWY3GpOPBDlUhs4e7htnVv2Bd49gJ.png', '2020-12-29 06:33:24', '2020-12-29 06:33:24');

-- --------------------------------------------------------

--
-- Table structure for table `books`
--

CREATE TABLE `books` (
  `bk_id` bigint(20) UNSIGNED NOT NULL,
  `bk_category_id` int(11) NOT NULL,
  `bk_author_id` int(11) NOT NULL,
  `bk_title` varchar(255) COLLATE utf8mb4_unicode_ci NOT NULL,
  `bk_description` text COLLATE utf8mb4_unicode_ci NOT NULL,
  `bk_publish_date` date NOT NULL,
  `bk_cover_photo` varchar(255) COLLATE utf8mb4_unicode_ci NOT NULL,
  `bk_title_pashto` varchar(255) COLLATE utf8mb4_unicode_ci NOT NULL,
  `bk_description_pashto` text COLLATE utf8mb4_unicode_ci NOT NULL,
  `bk_cover_photo_pashto` varchar(150) COLLATE utf8mb4_unicode_ci NOT NULL,
  `bk_title_dari` varchar(255) COLLATE utf8mb4_unicode_ci NOT NULL,
  `bk_description_dari` text COLLATE utf8mb4_unicode_ci NOT NULL,
  `bk_cover_photo_dari` varchar(150) COLLATE utf8mb4_unicode_ci NOT NULL,
  `bk_file_type` varchar(255) COLLATE utf8mb4_unicode_ci DEFAULT NULL,
  `bk_region` varchar(255) COLLATE utf8mb4_unicode_ci DEFAULT NULL,
  `bk_created_at` datetime NOT NULL,
  `bk_updated_at` datetime NOT NULL
) ENGINE=MyISAM DEFAULT CHARSET=utf8mb4 COLLATE=utf8mb4_unicode_ci;

--
-- Dumping data for table `books`
--

INSERT INTO `books` (`bk_id`, `bk_category_id`, `bk_author_id`, `bk_title`, `bk_description`, `bk_publish_date`, `bk_cover_photo`, `bk_title_pashto`, `bk_description_pashto`, `bk_cover_photo_pashto`, `bk_title_dari`, `bk_description_dari`, `bk_cover_photo_dari`, `bk_file_type`, `bk_region`, `bk_created_at`, `bk_updated_at`) VALUES
(1, 1, 2, 'Ammachi\'s Amazing Machines', 'Ammachi\'s Amazing Machines', '2020-11-30', 'F1poMVpwxXDKUEb2FJ0snBSIYrMfrgTZiTXn55gK.jpeg', 'کتاب امتحانی پشتو', 'کتاب امتحانی برای پشتو', '', 'کتاب امتحانی', 'کتاب امتحانی دری', '', NULL, NULL, '2020-11-30 08:13:45', '2021-02-20 05:04:13'),
(2, 2, 2, 'Ammachi\'s Amazing Machines', 'Ammachi\'s Amazing Machines', '2020-11-30', 'nlMSVVcV51XoYSdoZXOQa8iMb2EVdPFQOTFUF4pE.jpeg', '', '', '', '', '', '', NULL, NULL, '2020-11-30 08:14:01', '2020-11-30 09:25:09'),
(3, 1, 2, 'The Case of the Missing Water', 'The Case of the Missing Water', '2020-11-10', 'pcos9LsbwZmdxm3H928zmmqZsWsQOfZwcexlmVs1.jpeg', '', '', '', '', '', '', NULL, NULL, '2020-11-30 08:20:57', '2020-12-02 08:37:07'),
(5, 1, 5, 'Miss Bandicota Bengalensis Digs Up the Seashore', 'Miss Bandicota Bengalensis Digs Up the Seashore', '1970-01-01', 'bBUXS7zzvVBsyKyVUCnpv9iXwN22DjIwRUOzAZRE.png', '', '', '', '', '', '', NULL, NULL, '2020-12-02 08:37:51', '2020-12-02 08:37:51'),
(6, 2, 2, 'Drop By Drop Makes the Ocean', 'Drop By Drop Makes the Ocean', '2020-12-02', 'qHym0iCHVfnF2U5lsMRVWEGoD0Ne1Mf7s6pVvPLr.jpeg', '', '', '', '', '', '', NULL, NULL, '2020-12-02 08:49:52', '2020-12-02 08:49:52'),
(7, 2, 5, 'The Power of Ten', 'The Power of Ten', '2020-12-02', 'EpoBIKZ0Hgp1aVwU7OG47lz0D823dvjicxekkt88.jpeg', '', '', '', '', '', '', NULL, NULL, '2020-12-02 08:51:43', '2020-12-02 08:51:43'),
(8, 1, 5, 'A counting book that takes readers to the edge of the universe and back.', 'A counting book that takes readers to the edge of the universe and back.', '2020-12-02', 'YX88rrqZtKffnHIaq3OnlZIs2G48SNQGUniZBZ6D.jpeg', '', '', '', '', '', '', NULL, NULL, '2020-12-02 08:52:04', '2020-12-02 08:52:04'),
(9, 2, 5, 'A counting book that takes readers to the edge of the universe and back.', 'A counting book that takes readers to the edge of the universe and back.', '1970-01-01', 'f6vxHlEXbqAKdp9lVwnsuEZ8lUewXBcMCncpgYad.jpeg', '', '', '', '', '', '', NULL, NULL, '2020-12-02 08:52:22', '2020-12-02 08:52:22');

-- --------------------------------------------------------

--
-- Table structure for table `book_attachments`
--

CREATE TABLE `book_attachments` (
  `at_id` bigint(20) UNSIGNED NOT NULL,
  `at_book_id` int(11) NOT NULL,
  `at_attachement` varchar(255) COLLATE utf8mb4_unicode_ci NOT NULL,
  `at_name` varchar(200) COLLATE utf8mb4_unicode_ci NOT NULL,
  `at_type` varchar(10) COLLATE utf8mb4_unicode_ci NOT NULL,
  `at_lang` varchar(10) COLLATE utf8mb4_unicode_ci NOT NULL,
  `at_created_at` datetime NOT NULL,
  `at_updated_at` datetime NOT NULL
) ENGINE=MyISAM DEFAULT CHARSET=utf8mb4 COLLATE=utf8mb4_unicode_ci;

--
-- Dumping data for table `book_attachments`
--

INSERT INTO `book_attachments` (`at_id`, `at_book_id`, `at_attachement`, `at_name`, `at_type`, `at_lang`, `at_created_at`, `at_updated_at`) VALUES
(1, 2, 't5PaeE4oDZ0krOzNYn4QrZvtiuAPFqwzechEcjBh.pdf', '070119152836-561m_nta-salary-scales.pdf', 'pdf', '', '2020-11-30 08:14:01', '2020-12-29 10:05:54'),
(2, 3, 'vkZdAEIq4QQzbFKKfBXRLCWdgNvYP0K0JeUWb3mv.pdf', '070119152836-561m_nta-salary-scales.pdf', 'pdf', '', '2020-11-30 08:20:58', '2020-11-30 08:20:58'),
(3, 1, 'wrFInVuGWf49HrWdQP6dMGTfNzWXfWsdtyFtva4Y.mp3', '01 Hare Krishna Hare Ram (Commando 2) (SongsMp3.Com).mp3', 'audio', '', '2020-11-30 08:47:29', '2020-12-29 09:45:13'),
(8, 1, 'WCmRmeFo3WP299AqH93SD55C0Z5ioDgxo5HqXmgi.mp3', '01 Disco Disco - A Gentleman (SongsMp3.Com).mp3', 'audio', '', '2020-12-29 09:43:26', '2020-12-29 09:43:26'),
(5, 2, '2PpYSOhEVVC0o6xXGutjLFfQzYvPPIymwRkNbcWX.swf', 'sample_1280x720.swf', 'video', '', '2020-12-02 06:57:58', '2020-12-02 06:57:58'),
(6, 1, 'FSg2Zpz64XQ5Up8jcpPUdOytoqL5vfC80tUNX0gx.swf', 'sample_640x360.swf', 'video', '', '2020-12-02 06:58:58', '2020-12-02 06:58:58'),
(7, 3, '44QxaHu1UnJWwhe22QHzarVejFl0v0ooDTAFjmNF.swf', 'sample_960x540.swf', 'video', '', '2020-12-02 06:59:07', '2020-12-02 06:59:07'),
(9, 1, 'dvOU4ccbLtVgDUcEh3AwyKy6FSAvKQe5FMcJ4GMo.pdf', '070119152836-561m_nta-salary-scales.pdf', 'pdf', '', '2020-12-29 09:56:43', '2020-12-29 09:56:43'),
(10, 5, 'JYNNvBxl8txIKf9FxViuPqcWFofXgIjDJg0Buw2Y.pdf', '070119152836-561m_nta-salary-scales.pdf', 'pdf', '', '2020-12-29 09:57:32', '2020-12-31 06:48:20'),
(11, 5, 'kosS088a6K2NbklwgdEBdN4CzaOC7mYi2Dk8fZQw.mp3', 'Justin_Bieber_-_Sorry_PURPOSE_-_The_Movement-fRh_vgS2dFE.mp3', 'audio', '', '2020-12-29 09:57:32', '2020-12-29 09:57:32'),
(12, 5, 'eumRvJNPiHFjhRDZzklonWdJsogoU3PHOH4GoU5x.mp4', 'Naseem wardak rubab_2.mp4', 'video', '', '2020-12-29 09:58:55', '2020-12-29 09:58:55');

-- --------------------------------------------------------

--
-- Table structure for table `book_counters`
--

CREATE TABLE `book_counters` (
  `bc_id` bigint(20) UNSIGNED NOT NULL,
  `bc_book_id` bigint(20) NOT NULL,
  `bc_client_id` bigint(20) DEFAULT NULL,
  `bc_created_at` datetime NOT NULL,
  `bc_updated_at` datetime NOT NULL
) ENGINE=MyISAM DEFAULT CHARSET=utf8mb4 COLLATE=utf8mb4_unicode_ci;

--
-- Dumping data for table `book_counters`
--

INSERT INTO `book_counters` (`bc_id`, `bc_book_id`, `bc_client_id`, `bc_created_at`, `bc_updated_at`) VALUES
(1, 2, NULL, '2020-12-27 08:15:11', '2020-12-27 08:15:11'),
(2, 5, 1, '2020-12-27 08:17:30', '2020-12-27 08:17:30'),
(3, 5, 9, '2020-12-27 08:19:01', '2020-12-27 08:19:01'),
(4, 2, 9, '2020-12-27 08:19:13', '2020-12-27 08:19:13'),
(5, 3, 9, '2020-12-27 08:19:16', '2020-12-27 08:19:16'),
(6, 3, 9, '2020-12-27 08:23:13', '2020-12-27 08:23:13'),
(7, 3, 9, '2020-12-27 08:24:15', '2020-12-27 08:24:15'),
(8, 3, 9, '2020-12-27 08:25:04', '2020-12-27 08:25:04'),
(9, 3, 9, '2020-12-27 08:26:58', '2020-12-27 08:26:58'),
(10, 3, NULL, '2020-12-28 04:53:33', '2020-12-28 04:53:33'),
(11, 3, NULL, '2020-12-28 05:11:23', '2020-12-28 05:11:23'),
(12, 3, NULL, '2020-12-28 05:11:28', '2020-12-28 05:11:28'),
(13, 3, NULL, '2020-12-28 05:16:02', '2020-12-28 05:16:02'),
(14, 2, NULL, '2020-12-28 05:16:10', '2020-12-28 05:16:10'),
(15, 1, NULL, '2020-12-28 08:49:09', '2020-12-28 08:49:09'),
(16, 3, NULL, '2020-12-28 08:51:35', '2020-12-28 08:51:35'),
(17, 2, NULL, '2020-12-28 08:54:19', '2020-12-28 08:54:19'),
(18, 8, NULL, '2020-12-29 08:46:51', '2020-12-29 08:46:51'),
(19, 1, NULL, '2020-12-29 08:46:59', '2020-12-29 08:46:59'),
(20, 3, NULL, '2020-12-29 08:47:02', '2020-12-29 08:47:02'),
(21, 3, NULL, '2020-12-29 08:48:12', '2020-12-29 08:48:12'),
(22, 2, NULL, '2020-12-29 08:48:28', '2020-12-29 08:48:28'),
(23, 2, NULL, '2020-12-29 08:50:33', '2020-12-29 08:50:33'),
(24, 2, NULL, '2020-12-29 08:51:01', '2020-12-29 08:51:01'),
(25, 2, NULL, '2020-12-29 08:51:58', '2020-12-29 08:51:58'),
(26, 2, NULL, '2020-12-29 08:52:07', '2020-12-29 08:52:07'),
(27, 2, NULL, '2020-12-29 08:53:00', '2020-12-29 08:53:00'),
(28, 2, NULL, '2020-12-29 08:53:27', '2020-12-29 08:53:27'),
(29, 2, NULL, '2020-12-29 08:53:52', '2020-12-29 08:53:52'),
(30, 2, NULL, '2020-12-29 08:54:13', '2020-12-29 08:54:13'),
(31, 2, NULL, '2020-12-29 08:54:28', '2020-12-29 08:54:28'),
(32, 2, NULL, '2020-12-29 08:54:32', '2020-12-29 08:54:32'),
(33, 2, NULL, '2020-12-29 08:56:23', '2020-12-29 08:56:23'),
(34, 2, NULL, '2020-12-29 08:56:33', '2020-12-29 08:56:33'),
(35, 2, NULL, '2020-12-29 08:57:21', '2020-12-29 08:57:21'),
(36, 2, NULL, '2020-12-29 08:57:45', '2020-12-29 08:57:45'),
(37, 2, NULL, '2020-12-29 08:57:48', '2020-12-29 08:57:48'),
(38, 2, NULL, '2020-12-29 08:59:28', '2020-12-29 08:59:28'),
(39, 2, NULL, '2020-12-29 08:59:35', '2020-12-29 08:59:35'),
(40, 2, NULL, '2020-12-29 09:00:13', '2020-12-29 09:00:13'),
(41, 2, NULL, '2020-12-29 09:00:52', '2020-12-29 09:00:52'),
(42, 3, NULL, '2020-12-29 09:31:12', '2020-12-29 09:31:12'),
(43, 3, NULL, '2020-12-29 09:40:49', '2020-12-29 09:40:49'),
(44, 3, NULL, '2020-12-29 09:41:08', '2020-12-29 09:41:08'),
(45, 5, NULL, '2020-12-29 09:59:27', '2020-12-29 09:59:27'),
(46, 5, NULL, '2020-12-29 09:59:43', '2020-12-29 09:59:43'),
(47, 5, NULL, '2020-12-29 10:06:13', '2020-12-29 10:06:13'),
(48, 5, NULL, '2020-12-29 10:06:42', '2020-12-29 10:06:42'),
(49, 5, NULL, '2020-12-29 10:16:35', '2020-12-29 10:16:35'),
(50, 5, NULL, '2020-12-29 10:19:13', '2020-12-29 10:19:13'),
(51, 5, NULL, '2020-12-29 10:19:28', '2020-12-29 10:19:28'),
(52, 5, NULL, '2020-12-29 10:20:22', '2020-12-29 10:20:22'),
(53, 5, NULL, '2020-12-29 10:20:31', '2020-12-29 10:20:31'),
(54, 5, NULL, '2020-12-29 10:21:07', '2020-12-29 10:21:07'),
(55, 5, NULL, '2020-12-29 10:21:24', '2020-12-29 10:21:24'),
(56, 5, NULL, '2020-12-29 10:22:00', '2020-12-29 10:22:00'),
(57, 5, NULL, '2020-12-29 10:22:13', '2020-12-29 10:22:13'),
(58, 5, NULL, '2020-12-29 10:23:32', '2020-12-29 10:23:32'),
(59, 5, NULL, '2020-12-29 10:23:35', '2020-12-29 10:23:35'),
(60, 5, NULL, '2020-12-29 10:23:48', '2020-12-29 10:23:48'),
(61, 5, NULL, '2020-12-29 10:25:29', '2020-12-29 10:25:29'),
(62, 5, NULL, '2020-12-30 04:43:40', '2020-12-30 04:43:40'),
(63, 5, NULL, '2020-12-30 04:44:18', '2020-12-30 04:44:18'),
(64, 5, NULL, '2020-12-30 04:45:27', '2020-12-30 04:45:27'),
(65, 5, NULL, '2020-12-30 04:46:08', '2020-12-30 04:46:08'),
(66, 5, NULL, '2020-12-30 04:46:36', '2020-12-30 04:46:36'),
(67, 5, NULL, '2020-12-30 04:47:03', '2020-12-30 04:47:03'),
(68, 5, NULL, '2020-12-30 04:47:20', '2020-12-30 04:47:20'),
(69, 5, NULL, '2020-12-30 04:48:12', '2020-12-30 04:48:12'),
(70, 5, NULL, '2020-12-30 04:50:30', '2020-12-30 04:50:30'),
(71, 2, NULL, '2020-12-30 04:57:51', '2020-12-30 04:57:51'),
(72, 2, NULL, '2020-12-30 04:58:51', '2020-12-30 04:58:51'),
(73, 2, NULL, '2020-12-30 04:59:02', '2020-12-30 04:59:02'),
(74, 2, NULL, '2020-12-30 05:01:25', '2020-12-30 05:01:25'),
(75, 2, NULL, '2020-12-30 05:01:39', '2020-12-30 05:01:39'),
(76, 2, NULL, '2020-12-30 05:02:03', '2020-12-30 05:02:03'),
(77, 2, NULL, '2020-12-30 05:06:29', '2020-12-30 05:06:29'),
(78, 1, NULL, '2020-12-30 05:06:38', '2020-12-30 05:06:38'),
(79, 5, NULL, '2020-12-30 05:06:47', '2020-12-30 05:06:47'),
(80, 5, NULL, '2020-12-30 05:06:55', '2020-12-30 05:06:55'),
(81, 7, NULL, '2020-12-30 05:18:27', '2020-12-30 05:18:27'),
(82, 7, NULL, '2020-12-30 05:18:44', '2020-12-30 05:18:44'),
(83, 5, NULL, '2020-12-30 05:18:48', '2020-12-30 05:18:48'),
(84, 9, NULL, '2020-12-30 05:45:23', '2020-12-30 05:45:23'),
(85, 2, NULL, '2020-12-30 05:59:21', '2020-12-30 05:59:21'),
(86, 3, NULL, '2020-12-30 06:17:57', '2020-12-30 06:17:57'),
(87, 2, NULL, '2020-12-30 06:24:41', '2020-12-30 06:24:41'),
(88, 7, 1, '2020-12-30 08:44:04', '2020-12-30 08:44:04'),
(89, 5, 1, '2020-12-30 08:44:15', '2020-12-30 08:44:15'),
(90, 5, 1, '2020-12-30 08:45:08', '2020-12-30 08:45:08'),
(91, 6, 1, '2020-12-30 08:45:58', '2020-12-30 08:45:58'),
(92, 7, 1, '2020-12-30 09:21:20', '2020-12-30 09:21:20'),
(93, 5, 1, '2020-12-30 09:24:57', '2020-12-30 09:24:57'),
(94, 2, 1, '2020-12-30 09:25:13', '2020-12-30 09:25:13'),
(95, 2, 1, '2020-12-30 09:25:36', '2020-12-30 09:25:36'),
(96, 2, 1, '2020-12-30 09:57:32', '2020-12-30 09:57:32'),
(97, 2, 1, '2020-12-30 09:57:36', '2020-12-30 09:57:36'),
(98, 2, 1, '2020-12-30 10:43:11', '2020-12-30 10:43:11'),
(99, 2, 1, '2020-12-30 10:43:15', '2020-12-30 10:43:15'),
(100, 2, 1, '2020-12-30 10:46:26', '2020-12-30 10:46:26'),
(101, 5, NULL, '2020-12-31 04:38:32', '2020-12-31 04:38:32'),
(102, 2, NULL, '2020-12-31 04:39:29', '2020-12-31 04:39:29'),
(103, 2, NULL, '2020-12-31 05:11:55', '2020-12-31 05:11:55'),
(104, 2, NULL, '2020-12-31 05:18:16', '2020-12-31 05:18:16'),
(105, 2, 1, '2020-12-31 05:19:06', '2020-12-31 05:19:06'),
(106, 2, NULL, '2020-12-31 05:49:25', '2020-12-31 05:49:25'),
(107, 7, NULL, '2020-12-31 05:54:27', '2020-12-31 05:54:27'),
(108, 2, NULL, '2020-12-31 05:54:35', '2020-12-31 05:54:35'),
(109, 2, NULL, '2020-12-31 05:59:41', '2020-12-31 05:59:41'),
(110, 2, NULL, '2020-12-31 06:03:12', '2020-12-31 06:03:12'),
(111, 2, NULL, '2020-12-31 06:03:31', '2020-12-31 06:03:31'),
(112, 5, NULL, '2020-12-31 06:03:38', '2020-12-31 06:03:38'),
(113, 5, NULL, '2020-12-31 06:06:00', '2020-12-31 06:06:00'),
(114, 5, NULL, '2020-12-31 06:56:51', '2020-12-31 06:56:51'),
(115, 16, NULL, '2021-01-12 06:19:48', '2021-01-12 06:19:48'),
(116, 6, NULL, '2021-01-12 07:09:12', '2021-01-12 07:09:12'),
(117, 15, NULL, '2021-01-12 07:26:41', '2021-01-12 07:26:41'),
(118, 11, NULL, '2021-01-12 08:42:09', '2021-01-12 08:42:09'),
(119, 15, NULL, '2021-01-12 10:06:34', '2021-01-12 10:06:34'),
(120, 15, NULL, '2021-01-12 10:07:24', '2021-01-12 10:07:24'),
(121, 15, NULL, '2021-01-12 10:11:17', '2021-01-12 10:11:17'),
(122, 15, NULL, '2021-01-12 10:11:59', '2021-01-12 10:11:59'),
(123, 15, NULL, '2021-01-12 10:12:20', '2021-01-12 10:12:20'),
(124, 15, NULL, '2021-01-12 10:12:40', '2021-01-12 10:12:40'),
(125, 15, NULL, '2021-01-12 10:12:45', '2021-01-12 10:12:45'),
(126, 15, NULL, '2021-01-12 10:13:48', '2021-01-12 10:13:48'),
(127, 15, NULL, '2021-01-12 10:15:36', '2021-01-12 10:15:36'),
(128, 15, NULL, '2021-01-12 10:16:09', '2021-01-12 10:16:09'),
(129, 15, NULL, '2021-01-12 10:16:34', '2021-01-12 10:16:34'),
(130, 15, NULL, '2021-01-12 10:17:15', '2021-01-12 10:17:15'),
(131, 15, NULL, '2021-01-12 10:17:38', '2021-01-12 10:17:38'),
(132, 15, NULL, '2021-01-12 10:18:06', '2021-01-12 10:18:06'),
(133, 15, NULL, '2021-01-12 10:18:50', '2021-01-12 10:18:50'),
(134, 15, NULL, '2021-01-12 10:19:07', '2021-01-12 10:19:07'),
(135, 15, NULL, '2021-01-13 07:44:41', '2021-01-13 07:44:41'),
(136, 15, NULL, '2021-01-13 08:14:36', '2021-01-13 08:14:36'),
(137, 15, NULL, '2021-01-13 08:15:06', '2021-01-13 08:15:06'),
(138, 15, NULL, '2021-01-13 08:15:29', '2021-01-13 08:15:29'),
(139, 15, NULL, '2021-01-13 08:16:21', '2021-01-13 08:16:21'),
(140, 15, NULL, '2021-01-13 08:21:19', '2021-01-13 08:21:19'),
(141, 16, NULL, '2021-01-13 08:21:52', '2021-01-13 08:21:52'),
(142, 16, NULL, '2021-01-13 08:23:44', '2021-01-13 08:23:44'),
(143, 16, NULL, '2021-01-13 08:24:07', '2021-01-13 08:24:07'),
(144, 16, NULL, '2021-01-13 08:26:50', '2021-01-13 08:26:50'),
(145, 16, NULL, '2021-01-13 08:29:29', '2021-01-13 08:29:29'),
(146, 2, NULL, '2021-01-13 08:29:42', '2021-01-13 08:29:42'),
(147, 2, NULL, '2021-01-13 08:41:46', '2021-01-13 08:41:46'),
(148, 2, NULL, '2021-01-13 08:46:29', '2021-01-13 08:46:29'),
(149, 2, NULL, '2021-01-13 08:46:47', '2021-01-13 08:46:47'),
(150, 15, NULL, '2021-01-13 08:47:01', '2021-01-13 08:47:01'),
(151, 15, NULL, '2021-01-13 08:47:17', '2021-01-13 08:47:17'),
(152, 15, NULL, '2021-01-13 08:47:28', '2021-01-13 08:47:28'),
(153, 15, NULL, '2021-01-13 08:47:38', '2021-01-13 08:47:38'),
(154, 15, NULL, '2021-01-13 08:47:54', '2021-01-13 08:47:54'),
(155, 15, NULL, '2021-01-13 08:48:33', '2021-01-13 08:48:33'),
(156, 15, NULL, '2021-01-13 09:31:18', '2021-01-13 09:31:18'),
(157, 15, NULL, '2021-01-13 09:33:59', '2021-01-13 09:33:59'),
(158, 15, NULL, '2021-01-13 10:48:13', '2021-01-13 10:48:13'),
(159, 15, NULL, '2021-01-13 10:48:58', '2021-01-13 10:48:58'),
(160, 15, NULL, '2021-01-13 10:49:02', '2021-01-13 10:49:02'),
(161, 15, NULL, '2021-01-13 10:49:06', '2021-01-13 10:49:06'),
(162, 15, NULL, '2021-01-13 10:49:29', '2021-01-13 10:49:29'),
(163, 15, NULL, '2021-01-13 10:49:47', '2021-01-13 10:49:47'),
(164, 15, NULL, '2021-01-13 10:50:23', '2021-01-13 10:50:23'),
(165, 15, NULL, '2021-01-13 10:50:32', '2021-01-13 10:50:32'),
(166, 15, NULL, '2021-01-13 10:50:55', '2021-01-13 10:50:55'),
(167, 15, NULL, '2021-01-13 10:52:14', '2021-01-13 10:52:14'),
(168, 15, NULL, '2021-01-13 10:52:54', '2021-01-13 10:52:54'),
(169, 15, NULL, '2021-01-13 10:56:58', '2021-01-13 10:56:58'),
(170, 15, NULL, '2021-01-13 10:57:05', '2021-01-13 10:57:05'),
(171, 15, NULL, '2021-01-13 10:58:55', '2021-01-13 10:58:55'),
(172, 15, NULL, '2021-01-13 11:00:04', '2021-01-13 11:00:04'),
(173, 15, NULL, '2021-01-13 11:00:26', '2021-01-13 11:00:26'),
(174, 15, NULL, '2021-01-13 11:01:23', '2021-01-13 11:01:23'),
(175, 15, NULL, '2021-01-14 07:36:18', '2021-01-14 07:36:18'),
(176, 1, NULL, '2021-01-14 07:57:27', '2021-01-14 07:57:27'),
(177, 1, NULL, '2021-01-14 07:58:17', '2021-01-14 07:58:17'),
(178, 1, NULL, '2021-01-14 08:12:21', '2021-01-14 08:12:21'),
(179, 1, NULL, '2021-01-14 08:17:56', '2021-01-14 08:17:56'),
(180, 15, NULL, '2021-01-14 08:18:23', '2021-01-14 08:18:23'),
(181, 15, NULL, '2021-01-14 08:18:34', '2021-01-14 08:18:34'),
(182, 15, NULL, '2021-01-14 08:26:25', '2021-01-14 08:26:25'),
(183, 15, NULL, '2021-01-14 08:28:52', '2021-01-14 08:28:52'),
(184, 15, NULL, '2021-01-14 08:29:01', '2021-01-14 08:29:01'),
(185, 15, NULL, '2021-01-14 08:29:16', '2021-01-14 08:29:16'),
(186, 15, NULL, '2021-01-14 08:29:28', '2021-01-14 08:29:28'),
(187, 15, NULL, '2021-01-14 08:29:42', '2021-01-14 08:29:42'),
(188, 15, NULL, '2021-01-14 08:30:04', '2021-01-14 08:30:04'),
(189, 15, NULL, '2021-01-14 08:30:25', '2021-01-14 08:30:25'),
(190, 15, NULL, '2021-01-14 08:36:36', '2021-01-14 08:36:36'),
(191, 15, NULL, '2021-01-14 08:40:37', '2021-01-14 08:40:37'),
(192, 15, NULL, '2021-01-14 08:40:53', '2021-01-14 08:40:53'),
(193, 15, NULL, '2021-01-14 08:41:10', '2021-01-14 08:41:10'),
(194, 15, NULL, '2021-01-14 08:41:28', '2021-01-14 08:41:28'),
(195, 15, NULL, '2021-01-14 08:41:42', '2021-01-14 08:41:42'),
(196, 15, NULL, '2021-01-14 08:41:54', '2021-01-14 08:41:54'),
(197, 15, NULL, '2021-01-14 08:42:21', '2021-01-14 08:42:21'),
(198, 15, NULL, '2021-01-14 08:43:02', '2021-01-14 08:43:02'),
(199, 15, NULL, '2021-01-14 08:44:18', '2021-01-14 08:44:18'),
(200, 15, NULL, '2021-01-14 08:44:51', '2021-01-14 08:44:51'),
(201, 15, NULL, '2021-01-14 08:45:51', '2021-01-14 08:45:51'),
(202, 15, NULL, '2021-01-14 08:46:15', '2021-01-14 08:46:15'),
(203, 15, NULL, '2021-01-14 08:46:37', '2021-01-14 08:46:37'),
(204, 15, NULL, '2021-01-14 08:50:33', '2021-01-14 08:50:33'),
(205, 15, NULL, '2021-01-14 08:50:58', '2021-01-14 08:50:58'),
(206, 15, NULL, '2021-01-14 08:51:39', '2021-01-14 08:51:39'),
(207, 15, NULL, '2021-01-14 09:12:55', '2021-01-14 09:12:55'),
(208, 15, NULL, '2021-01-14 09:13:36', '2021-01-14 09:13:36'),
(209, 7, NULL, '2021-02-09 09:23:49', '2021-02-09 09:23:49'),
(210, 3, NULL, '2021-02-09 09:57:41', '2021-02-09 09:57:41'),
(211, 2, NULL, '2021-02-09 09:59:57', '2021-02-09 09:59:57'),
(212, 2, NULL, '2021-02-09 10:03:00', '2021-02-09 10:03:00'),
(213, 2, NULL, '2021-02-09 10:03:24', '2021-02-09 10:03:24'),
(214, 2, NULL, '2021-02-09 10:04:50', '2021-02-09 10:04:50'),
(215, 1, NULL, '2021-02-09 10:08:05', '2021-02-09 10:08:05'),
(216, 1, NULL, '2021-02-10 04:04:22', '2021-02-10 04:04:22'),
(217, 7, 10, '2021-02-10 06:21:58', '2021-02-10 06:21:58'),
(218, 1, 10, '2021-02-10 06:28:18', '2021-02-10 06:28:18'),
(219, 1, 10, '2021-02-10 06:28:38', '2021-02-10 06:28:38'),
(220, 1, 10, '2021-02-10 06:28:57', '2021-02-10 06:28:57'),
(221, 1, 10, '2021-02-10 06:29:03', '2021-02-10 06:29:03'),
(222, 2, NULL, '2021-02-10 06:44:38', '2021-02-10 06:44:38'),
(223, 2, NULL, '2021-02-10 06:45:02', '2021-02-10 06:45:02'),
(224, 1, NULL, '2021-02-10 06:45:10', '2021-02-10 06:45:10'),
(225, 1, NULL, '2021-02-10 06:45:24', '2021-02-10 06:45:24'),
(226, 2, NULL, '2021-02-10 06:54:59', '2021-02-10 06:54:59'),
(227, 2, NULL, '2021-02-10 06:56:26', '2021-02-10 06:56:26'),
(228, 2, NULL, '2021-02-10 07:37:42', '2021-02-10 07:37:42'),
(229, 1, NULL, '2021-02-10 07:38:22', '2021-02-10 07:38:22'),
(230, 2, 10, '2021-02-10 07:42:58', '2021-02-10 07:42:58'),
(231, 1, NULL, '2021-02-10 08:46:12', '2021-02-10 08:46:12'),
(232, 1, NULL, '2021-02-10 08:50:38', '2021-02-10 08:50:38'),
(233, 2, NULL, '2021-02-10 08:50:41', '2021-02-10 08:50:41'),
(234, 1, NULL, '2021-02-10 10:27:42', '2021-02-10 10:27:42'),
(235, 1, NULL, '2021-02-10 10:29:46', '2021-02-10 10:29:46'),
(236, 1, NULL, '2021-02-10 10:30:07', '2021-02-10 10:30:07'),
(237, 1, NULL, '2021-02-10 10:31:26', '2021-02-10 10:31:26'),
(238, 1, NULL, '2021-02-10 10:31:37', '2021-02-10 10:31:37'),
(239, 1, NULL, '2021-02-10 10:31:45', '2021-02-10 10:31:45'),
(240, 1, NULL, '2021-02-10 10:31:47', '2021-02-10 10:31:47'),
(241, 1, NULL, '2021-02-10 10:32:45', '2021-02-10 10:32:45'),
(242, 1, NULL, '2021-02-10 10:39:07', '2021-02-10 10:39:07'),
(243, 1, NULL, '2021-02-10 10:39:24', '2021-02-10 10:39:24'),
(244, 1, NULL, '2021-02-10 10:39:26', '2021-02-10 10:39:26'),
(245, 1, NULL, '2021-02-10 10:42:46', '2021-02-10 10:42:46'),
(246, 1, NULL, '2021-02-10 10:43:18', '2021-02-10 10:43:18'),
(247, 1, NULL, '2021-02-10 10:43:27', '2021-02-10 10:43:27'),
(248, 1, NULL, '2021-02-10 10:44:15', '2021-02-10 10:44:15'),
(249, 1, NULL, '2021-02-10 10:47:14', '2021-02-10 10:47:14'),
(250, 1, NULL, '2021-02-10 10:48:43', '2021-02-10 10:48:43'),
(251, 2, NULL, '2021-02-11 03:59:00', '2021-02-11 03:59:00'),
(252, 2, NULL, '2021-02-11 03:59:54', '2021-02-11 03:59:54'),
(253, 2, NULL, '2021-02-11 04:00:22', '2021-02-11 04:00:22'),
(254, 2, NULL, '2021-02-11 04:00:48', '2021-02-11 04:00:48'),
(255, 1, NULL, '2021-02-11 04:00:55', '2021-02-11 04:00:55'),
(256, 3, NULL, '2021-02-11 04:01:00', '2021-02-11 04:01:00'),
(257, 1, NULL, '2021-02-11 04:01:18', '2021-02-11 04:01:18'),
(258, 1, NULL, '2021-02-11 04:09:57', '2021-02-11 04:09:57'),
(259, 1, NULL, '2021-02-11 04:10:43', '2021-02-11 04:10:43'),
(260, 1, NULL, '2021-02-11 04:10:46', '2021-02-11 04:10:46'),
(261, 1, NULL, '2021-02-11 04:11:49', '2021-02-11 04:11:49'),
(262, 2, NULL, '2021-02-11 04:11:57', '2021-02-11 04:11:57'),
(263, 3, NULL, '2021-02-11 04:12:02', '2021-02-11 04:12:02'),
(264, 5, NULL, '2021-02-11 04:12:08', '2021-02-11 04:12:08'),
(265, 1, NULL, '2021-02-11 04:12:29', '2021-02-11 04:12:29'),
(266, 1, NULL, '2021-02-11 04:13:03', '2021-02-11 04:13:03'),
(267, 2, NULL, '2021-02-11 04:13:14', '2021-02-11 04:13:14'),
(268, 2, NULL, '2021-02-11 04:13:19', '2021-02-11 04:13:19'),
(269, 2, NULL, '2021-02-11 04:19:55', '2021-02-11 04:19:55'),
(270, 2, NULL, '2021-02-11 04:20:07', '2021-02-11 04:20:07'),
(271, 2, NULL, '2021-02-11 04:21:02', '2021-02-11 04:21:02'),
(272, 2, NULL, '2021-02-11 04:21:09', '2021-02-11 04:21:09'),
(273, 1, NULL, '2021-02-11 04:21:14', '2021-02-11 04:21:14'),
(274, 1, NULL, '2021-02-11 04:22:02', '2021-02-11 04:22:02'),
(275, 1, NULL, '2021-02-11 04:22:10', '2021-02-11 04:22:10'),
(276, 1, NULL, '2021-02-11 04:24:37', '2021-02-11 04:24:37'),
(277, 1, NULL, '2021-02-11 04:25:54', '2021-02-11 04:25:54'),
(278, 1, 10, '2021-02-11 04:26:18', '2021-02-11 04:26:18'),
(279, 1, 10, '2021-02-11 04:26:47', '2021-02-11 04:26:47'),
(280, 1, 10, '2021-02-11 04:27:29', '2021-02-11 04:27:29'),
(281, 1, 10, '2021-02-11 04:30:57', '2021-02-11 04:30:57'),
(282, 1, 10, '2021-02-11 04:31:59', '2021-02-11 04:31:59'),
(283, 1, 10, '2021-02-11 04:37:01', '2021-02-11 04:37:01'),
(284, 1, 10, '2021-02-11 04:41:47', '2021-02-11 04:41:47'),
(285, 1, 10, '2021-02-11 04:41:55', '2021-02-11 04:41:55'),
(286, 1, NULL, '2021-02-11 04:45:19', '2021-02-11 04:45:19'),
(287, 1, 10, '2021-02-11 04:46:07', '2021-02-11 04:46:07'),
(288, 1, 10, '2021-02-11 04:46:32', '2021-02-11 04:46:32'),
(289, 2, 10, '2021-02-11 04:46:58', '2021-02-11 04:46:58'),
(290, 2, 10, '2021-02-11 04:47:09', '2021-02-11 04:47:09'),
(291, 7, 10, '2021-02-11 04:47:20', '2021-02-11 04:47:20'),
(292, 7, 10, '2021-02-11 04:47:28', '2021-02-11 04:47:28'),
(293, 7, 10, '2021-02-11 04:47:50', '2021-02-11 04:47:50'),
(294, 1, 10, '2021-02-11 04:49:33', '2021-02-11 04:49:33'),
(295, 1, 10, '2021-02-11 04:50:37', '2021-02-11 04:50:37'),
(296, 1, 10, '2021-02-11 04:50:43', '2021-02-11 04:50:43'),
(297, 1, 10, '2021-02-11 04:53:38', '2021-02-11 04:53:38'),
(298, 1, 10, '2021-02-11 04:54:09', '2021-02-11 04:54:09'),
(299, 1, 10, '2021-02-11 05:01:51', '2021-02-11 05:01:51'),
(300, 1, 10, '2021-02-11 05:02:21', '2021-02-11 05:02:21'),
(301, 1, 10, '2021-02-11 05:02:30', '2021-02-11 05:02:30'),
(302, 1, 10, '2021-02-11 05:02:38', '2021-02-11 05:02:38'),
(303, 1, 10, '2021-02-11 05:03:01', '2021-02-11 05:03:01'),
(304, 1, 10, '2021-02-11 05:03:16', '2021-02-11 05:03:16'),
(305, 1, 10, '2021-02-11 05:03:53', '2021-02-11 05:03:53'),
(306, 1, 10, '2021-02-11 05:05:10', '2021-02-11 05:05:10'),
(307, 1, 10, '2021-02-11 05:06:06', '2021-02-11 05:06:06'),
(308, 1, 10, '2021-02-11 05:06:19', '2021-02-11 05:06:19'),
(309, 1, 10, '2021-02-11 05:06:57', '2021-02-11 05:06:57'),
(310, 1, 10, '2021-02-11 05:07:02', '2021-02-11 05:07:02'),
(311, 1, 10, '2021-02-11 05:07:14', '2021-02-11 05:07:14'),
(312, 1, 10, '2021-02-11 05:07:28', '2021-02-11 05:07:28'),
(313, 1, 10, '2021-02-11 05:07:36', '2021-02-11 05:07:36'),
(314, 2, 10, '2021-02-11 05:07:43', '2021-02-11 05:07:43'),
(315, 1, NULL, '2021-02-11 05:07:54', '2021-02-11 05:07:54'),
(316, 1, NULL, '2021-02-11 05:08:01', '2021-02-11 05:08:01'),
(317, 1, NULL, '2021-02-11 05:08:41', '2021-02-11 05:08:41'),
(318, 1, NULL, '2021-02-11 05:09:17', '2021-02-11 05:09:17'),
(319, 1, NULL, '2021-02-11 05:13:21', '2021-02-11 05:13:21'),
(320, 1, NULL, '2021-02-11 06:53:07', '2021-02-11 06:53:07'),
(321, 1, 10, '2021-02-13 04:40:42', '2021-02-13 04:40:42'),
(322, 1, 10, '2021-02-13 04:48:47', '2021-02-13 04:48:47'),
(323, 1, 10, '2021-02-13 05:21:16', '2021-02-13 05:21:16'),
(324, 1, 10, '2021-02-13 05:25:03', '2021-02-13 05:25:03'),
(325, 1, 10, '2021-02-13 05:32:31', '2021-02-13 05:32:31'),
(326, 1, NULL, '2021-02-13 05:34:19', '2021-02-13 05:34:19'),
(327, 1, NULL, '2021-02-13 05:34:56', '2021-02-13 05:34:56'),
(328, 1, NULL, '2021-02-13 05:35:23', '2021-02-13 05:35:23'),
(329, 1, NULL, '2021-02-13 05:36:32', '2021-02-13 05:36:32'),
(330, 1, NULL, '2021-02-13 05:37:22', '2021-02-13 05:37:22'),
(331, 1, NULL, '2021-02-13 05:37:37', '2021-02-13 05:37:37'),
(332, 1, NULL, '2021-02-13 05:37:46', '2021-02-13 05:37:46'),
(333, 1, NULL, '2021-02-13 05:37:57', '2021-02-13 05:37:57'),
(334, 1, NULL, '2021-02-13 05:39:34', '2021-02-13 05:39:34'),
(335, 1, NULL, '2021-02-13 05:40:03', '2021-02-13 05:40:03'),
(336, 1, NULL, '2021-02-13 05:40:32', '2021-02-13 05:40:32'),
(337, 1, NULL, '2021-02-13 05:40:50', '2021-02-13 05:40:50'),
(338, 1, NULL, '2021-02-13 05:41:27', '2021-02-13 05:41:27'),
(339, 1, NULL, '2021-02-13 05:42:45', '2021-02-13 05:42:45'),
(340, 1, NULL, '2021-02-13 05:43:50', '2021-02-13 05:43:50'),
(341, 1, NULL, '2021-02-13 05:44:42', '2021-02-13 05:44:42'),
(342, 1, NULL, '2021-02-13 05:44:58', '2021-02-13 05:44:58'),
(343, 1, NULL, '2021-02-13 05:45:28', '2021-02-13 05:45:28'),
(344, 1, NULL, '2021-02-13 05:46:33', '2021-02-13 05:46:33'),
(345, 1, NULL, '2021-02-13 05:46:41', '2021-02-13 05:46:41'),
(346, 1, NULL, '2021-02-13 05:46:56', '2021-02-13 05:46:56'),
(347, 1, NULL, '2021-02-13 05:48:46', '2021-02-13 05:48:46'),
(348, 1, NULL, '2021-02-13 05:49:14', '2021-02-13 05:49:14'),
(349, 1, NULL, '2021-02-13 05:49:37', '2021-02-13 05:49:37'),
(350, 1, NULL, '2021-02-13 05:50:16', '2021-02-13 05:50:16'),
(351, 1, NULL, '2021-02-13 05:50:24', '2021-02-13 05:50:24'),
(352, 1, NULL, '2021-02-13 05:50:50', '2021-02-13 05:50:50'),
(353, 1, NULL, '2021-02-13 05:51:13', '2021-02-13 05:51:13'),
(354, 1, NULL, '2021-02-13 05:51:52', '2021-02-13 05:51:52'),
(355, 1, NULL, '2021-02-13 05:52:11', '2021-02-13 05:52:11'),
(356, 1, NULL, '2021-02-13 05:52:15', '2021-02-13 05:52:15'),
(357, 1, NULL, '2021-02-13 05:52:34', '2021-02-13 05:52:34'),
(358, 1, NULL, '2021-02-13 05:53:07', '2021-02-13 05:53:07'),
(359, 1, NULL, '2021-02-13 05:53:19', '2021-02-13 05:53:19'),
(360, 1, NULL, '2021-02-13 05:53:34', '2021-02-13 05:53:34'),
(361, 1, NULL, '2021-02-13 05:54:06', '2021-02-13 05:54:06'),
(362, 1, NULL, '2021-02-13 05:54:40', '2021-02-13 05:54:40'),
(363, 1, NULL, '2021-02-13 05:54:51', '2021-02-13 05:54:51'),
(364, 1, NULL, '2021-02-13 05:55:36', '2021-02-13 05:55:36'),
(365, 1, NULL, '2021-02-13 05:55:41', '2021-02-13 05:55:41'),
(366, 1, NULL, '2021-02-13 05:55:51', '2021-02-13 05:55:51'),
(367, 1, NULL, '2021-02-13 05:56:09', '2021-02-13 05:56:09'),
(368, 1, NULL, '2021-02-13 05:56:34', '2021-02-13 05:56:34'),
(369, 1, NULL, '2021-02-13 05:58:22', '2021-02-13 05:58:22'),
(370, 1, NULL, '2021-02-13 05:58:48', '2021-02-13 05:58:48'),
(371, 1, NULL, '2021-02-13 05:59:27', '2021-02-13 05:59:27'),
(372, 1, NULL, '2021-02-13 05:59:37', '2021-02-13 05:59:37'),
(373, 1, NULL, '2021-02-13 06:00:06', '2021-02-13 06:00:06'),
(374, 1, NULL, '2021-02-13 06:01:09', '2021-02-13 06:01:09'),
(375, 1, NULL, '2021-02-13 06:01:22', '2021-02-13 06:01:22'),
(376, 1, NULL, '2021-02-13 06:01:44', '2021-02-13 06:01:44'),
(377, 1, NULL, '2021-02-13 06:02:59', '2021-02-13 06:02:59'),
(378, 1, NULL, '2021-02-13 06:03:08', '2021-02-13 06:03:08'),
(379, 1, NULL, '2021-02-13 06:04:21', '2021-02-13 06:04:21'),
(380, 1, NULL, '2021-02-13 06:05:05', '2021-02-13 06:05:05'),
(381, 1, NULL, '2021-02-13 06:07:56', '2021-02-13 06:07:56'),
(382, 1, NULL, '2021-02-13 06:08:45', '2021-02-13 06:08:45'),
(383, 1, NULL, '2021-02-13 06:09:06', '2021-02-13 06:09:06'),
(384, 1, NULL, '2021-02-13 06:10:14', '2021-02-13 06:10:14'),
(385, 1, NULL, '2021-02-13 06:11:12', '2021-02-13 06:11:12'),
(386, 1, NULL, '2021-02-13 06:12:46', '2021-02-13 06:12:46'),
(387, 1, NULL, '2021-02-13 06:13:23', '2021-02-13 06:13:23'),
(388, 1, NULL, '2021-02-13 06:13:32', '2021-02-13 06:13:32'),
(389, 1, NULL, '2021-02-13 06:14:21', '2021-02-13 06:14:21'),
(390, 1, NULL, '2021-02-13 06:14:30', '2021-02-13 06:14:30'),
(391, 1, NULL, '2021-02-13 06:14:38', '2021-02-13 06:14:38'),
(392, 1, NULL, '2021-02-13 06:14:47', '2021-02-13 06:14:47'),
(393, 1, NULL, '2021-02-13 06:14:54', '2021-02-13 06:14:54'),
(394, 1, NULL, '2021-02-13 06:15:00', '2021-02-13 06:15:00'),
(395, 1, NULL, '2021-02-13 06:16:20', '2021-02-13 06:16:20'),
(396, 1, NULL, '2021-02-13 06:16:35', '2021-02-13 06:16:35'),
(397, 1, NULL, '2021-02-13 06:16:55', '2021-02-13 06:16:55'),
(398, 1, NULL, '2021-02-13 06:17:33', '2021-02-13 06:17:33'),
(399, 1, NULL, '2021-02-13 06:17:52', '2021-02-13 06:17:52'),
(400, 1, NULL, '2021-02-13 06:20:04', '2021-02-13 06:20:04'),
(401, 1, NULL, '2021-02-13 06:20:39', '2021-02-13 06:20:39'),
(402, 1, NULL, '2021-02-13 06:20:52', '2021-02-13 06:20:52'),
(403, 1, NULL, '2021-02-13 06:21:01', '2021-02-13 06:21:01'),
(404, 1, NULL, '2021-02-13 06:36:19', '2021-02-13 06:36:19'),
(405, 1, NULL, '2021-02-13 06:36:32', '2021-02-13 06:36:32'),
(406, 1, NULL, '2021-02-13 06:37:47', '2021-02-13 06:37:47'),
(407, 2, NULL, '2021-02-13 06:37:55', '2021-02-13 06:37:55'),
(408, 1, NULL, '2021-02-13 06:38:05', '2021-02-13 06:38:05'),
(409, 1, NULL, '2021-02-13 06:38:52', '2021-02-13 06:38:52'),
(410, 2, NULL, '2021-02-13 06:38:57', '2021-02-13 06:38:57'),
(411, 1, NULL, '2021-02-13 06:39:07', '2021-02-13 06:39:07'),
(412, 1, NULL, '2021-02-13 06:39:09', '2021-02-13 06:39:09'),
(413, 1, NULL, '2021-02-13 06:47:00', '2021-02-13 06:47:00'),
(414, 1, 10, '2021-02-13 06:49:05', '2021-02-13 06:49:05'),
(415, 1, 10, '2021-02-13 06:50:57', '2021-02-13 06:50:57'),
(416, 1, 10, '2021-02-13 06:51:18', '2021-02-13 06:51:18'),
(417, 1, 10, '2021-02-13 06:52:51', '2021-02-13 06:52:51'),
(418, 1, 10, '2021-02-13 06:55:50', '2021-02-13 06:55:50'),
(419, 2, 10, '2021-02-13 06:56:12', '2021-02-13 06:56:12'),
(420, 2, 10, '2021-02-13 06:56:31', '2021-02-13 06:56:31'),
(421, 2, 10, '2021-02-13 06:56:34', '2021-02-13 06:56:34'),
(422, 1, 10, '2021-02-13 06:56:39', '2021-02-13 06:56:39'),
(423, 1, 10, '2021-02-13 07:11:26', '2021-02-13 07:11:26'),
(424, 1, 10, '2021-02-13 07:17:40', '2021-02-13 07:17:40'),
(425, 1, 10, '2021-02-13 07:20:44', '2021-02-13 07:20:44'),
(426, 1, 10, '2021-02-13 07:21:30', '2021-02-13 07:21:30'),
(427, 1, 10, '2021-02-13 07:21:38', '2021-02-13 07:21:38'),
(428, 1, 10, '2021-02-13 07:21:52', '2021-02-13 07:21:52'),
(429, 1, 10, '2021-02-13 07:22:04', '2021-02-13 07:22:04'),
(430, 1, 10, '2021-02-13 07:22:12', '2021-02-13 07:22:12'),
(431, 1, 10, '2021-02-13 07:22:58', '2021-02-13 07:22:58'),
(432, 1, 10, '2021-02-13 07:23:30', '2021-02-13 07:23:30'),
(433, 1, 10, '2021-02-13 07:23:39', '2021-02-13 07:23:39'),
(434, 1, 10, '2021-02-13 07:24:15', '2021-02-13 07:24:15'),
(435, 1, 10, '2021-02-13 07:24:25', '2021-02-13 07:24:25'),
(436, 1, 10, '2021-02-13 07:24:40', '2021-02-13 07:24:40'),
(437, 1, 10, '2021-02-13 07:24:56', '2021-02-13 07:24:56'),
(438, 1, 10, '2021-02-13 07:25:09', '2021-02-13 07:25:09'),
(439, 1, 10, '2021-02-13 07:25:46', '2021-02-13 07:25:46'),
(440, 1, 10, '2021-02-13 07:26:16', '2021-02-13 07:26:16'),
(441, 1, 10, '2021-02-13 07:26:30', '2021-02-13 07:26:30'),
(442, 1, 10, '2021-02-13 07:27:14', '2021-02-13 07:27:14'),
(443, 1, 10, '2021-02-13 07:27:20', '2021-02-13 07:27:20'),
(444, 1, 10, '2021-02-13 07:27:29', '2021-02-13 07:27:29'),
(445, 1, 10, '2021-02-13 07:27:34', '2021-02-13 07:27:34'),
(446, 1, 10, '2021-02-13 07:28:10', '2021-02-13 07:28:10'),
(447, 1, 10, '2021-02-13 07:28:18', '2021-02-13 07:28:18'),
(448, 1, 10, '2021-02-13 07:28:38', '2021-02-13 07:28:38'),
(449, 1, 10, '2021-02-13 07:29:12', '2021-02-13 07:29:12'),
(450, 1, 10, '2021-02-13 07:29:24', '2021-02-13 07:29:24'),
(451, 1, 10, '2021-02-13 07:29:44', '2021-02-13 07:29:44'),
(452, 1, 10, '2021-02-13 07:30:09', '2021-02-13 07:30:09'),
(453, 1, 10, '2021-02-13 07:30:44', '2021-02-13 07:30:44'),
(454, 1, 10, '2021-02-13 07:34:03', '2021-02-13 07:34:03'),
(455, 1, 10, '2021-02-13 07:34:22', '2021-02-13 07:34:22'),
(456, 1, 10, '2021-02-13 07:35:03', '2021-02-13 07:35:03'),
(457, 1, 10, '2021-02-13 07:35:54', '2021-02-13 07:35:54'),
(458, 1, 10, '2021-02-13 07:36:04', '2021-02-13 07:36:04'),
(459, 1, 10, '2021-02-13 07:36:42', '2021-02-13 07:36:42'),
(460, 1, 10, '2021-02-13 07:36:50', '2021-02-13 07:36:50'),
(461, 1, 10, '2021-02-13 08:46:17', '2021-02-13 08:46:17'),
(462, 1, 10, '2021-02-13 08:46:35', '2021-02-13 08:46:35'),
(463, 1, 10, '2021-02-13 08:47:17', '2021-02-13 08:47:17'),
(464, 1, 10, '2021-02-13 08:47:23', '2021-02-13 08:47:23'),
(465, 1, 10, '2021-02-13 08:47:49', '2021-02-13 08:47:49'),
(466, 1, 10, '2021-02-13 08:47:56', '2021-02-13 08:47:56'),
(467, 1, 10, '2021-02-13 08:48:15', '2021-02-13 08:48:15'),
(468, 1, 10, '2021-02-13 08:49:50', '2021-02-13 08:49:50'),
(469, 1, 10, '2021-02-13 08:49:56', '2021-02-13 08:49:56'),
(470, 1, 10, '2021-02-13 08:51:06', '2021-02-13 08:51:06'),
(471, 1, 10, '2021-02-13 08:51:52', '2021-02-13 08:51:52'),
(472, 1, 10, '2021-02-13 08:52:38', '2021-02-13 08:52:38'),
(473, 1, 10, '2021-02-13 08:56:20', '2021-02-13 08:56:20'),
(474, 1, 10, '2021-02-13 08:56:23', '2021-02-13 08:56:23'),
(475, 1, 10, '2021-02-13 08:56:37', '2021-02-13 08:56:37'),
(476, 1, 10, '2021-02-13 08:58:21', '2021-02-13 08:58:21'),
(477, 1, 10, '2021-02-13 09:00:41', '2021-02-13 09:00:41'),
(478, 1, 10, '2021-02-13 09:01:34', '2021-02-13 09:01:34'),
(479, 1, 10, '2021-02-13 09:01:43', '2021-02-13 09:01:43'),
(480, 1, 10, '2021-02-13 09:01:50', '2021-02-13 09:01:50'),
(481, 1, 10, '2021-02-13 09:02:07', '2021-02-13 09:02:07'),
(482, 1, 10, '2021-02-13 09:02:23', '2021-02-13 09:02:23'),
(483, 1, 10, '2021-02-13 09:02:33', '2021-02-13 09:02:33'),
(484, 1, 10, '2021-02-13 09:02:42', '2021-02-13 09:02:42'),
(485, 1, 10, '2021-02-13 09:02:55', '2021-02-13 09:02:55'),
(486, 1, 10, '2021-02-13 09:03:07', '2021-02-13 09:03:07'),
(487, 1, 10, '2021-02-13 09:05:04', '2021-02-13 09:05:04'),
(488, 1, 10, '2021-02-13 09:06:21', '2021-02-13 09:06:21'),
(489, 1, 10, '2021-02-13 09:06:44', '2021-02-13 09:06:44'),
(490, 1, 10, '2021-02-13 09:07:00', '2021-02-13 09:07:00'),
(491, 1, 10, '2021-02-13 09:07:17', '2021-02-13 09:07:17'),
(492, 1, 10, '2021-02-13 09:10:09', '2021-02-13 09:10:09'),
(493, 1, 10, '2021-02-13 09:10:17', '2021-02-13 09:10:17'),
(494, 1, 10, '2021-02-13 09:11:00', '2021-02-13 09:11:00'),
(495, 1, 10, '2021-02-13 09:11:10', '2021-02-13 09:11:10'),
(496, 1, 10, '2021-02-13 09:11:21', '2021-02-13 09:11:21'),
(497, 1, 10, '2021-02-13 09:11:26', '2021-02-13 09:11:26'),
(498, 1, 10, '2021-02-13 09:11:29', '2021-02-13 09:11:29'),
(499, 1, 10, '2021-02-13 09:13:46', '2021-02-13 09:13:46'),
(500, 1, 10, '2021-02-13 09:14:04', '2021-02-13 09:14:04'),
(501, 1, 10, '2021-02-13 09:14:10', '2021-02-13 09:14:10'),
(502, 1, 10, '2021-02-13 09:15:00', '2021-02-13 09:15:00'),
(503, 1, 10, '2021-02-13 09:16:25', '2021-02-13 09:16:25'),
(504, 1, 10, '2021-02-13 09:16:34', '2021-02-13 09:16:34'),
(505, 1, 10, '2021-02-13 09:16:42', '2021-02-13 09:16:42'),
(506, 1, 10, '2021-02-13 09:16:53', '2021-02-13 09:16:53'),
(507, 1, 10, '2021-02-13 09:18:16', '2021-02-13 09:18:16'),
(508, 1, 10, '2021-02-13 09:18:44', '2021-02-13 09:18:44'),
(509, 1, 10, '2021-02-13 09:19:04', '2021-02-13 09:19:04'),
(510, 1, 10, '2021-02-13 09:19:30', '2021-02-13 09:19:30'),
(511, 1, 10, '2021-02-13 09:19:48', '2021-02-13 09:19:48'),
(512, 1, 10, '2021-02-13 09:25:46', '2021-02-13 09:25:46'),
(513, 1, 10, '2021-02-13 09:26:01', '2021-02-13 09:26:01'),
(514, 1, 10, '2021-02-13 09:26:14', '2021-02-13 09:26:14'),
(515, 1, 10, '2021-02-13 09:27:11', '2021-02-13 09:27:11'),
(516, 1, 10, '2021-02-13 09:28:21', '2021-02-13 09:28:21'),
(517, 1, 10, '2021-02-13 09:31:22', '2021-02-13 09:31:22'),
(518, 1, 10, '2021-02-13 09:31:52', '2021-02-13 09:31:52'),
(519, 1, 10, '2021-02-13 09:33:02', '2021-02-13 09:33:02'),
(520, 1, 10, '2021-02-13 09:33:56', '2021-02-13 09:33:56'),
(521, 1, 10, '2021-02-13 09:34:40', '2021-02-13 09:34:40'),
(522, 1, 10, '2021-02-13 09:35:05', '2021-02-13 09:35:05'),
(523, 1, 10, '2021-02-13 09:36:50', '2021-02-13 09:36:50'),
(524, 1, 10, '2021-02-13 09:37:19', '2021-02-13 09:37:19'),
(525, 1, 10, '2021-02-13 09:37:59', '2021-02-13 09:37:59'),
(526, 1, 10, '2021-02-13 09:38:55', '2021-02-13 09:38:55'),
(527, 1, 10, '2021-02-13 09:39:38', '2021-02-13 09:39:38'),
(528, 1, 10, '2021-02-13 09:40:05', '2021-02-13 09:40:05'),
(529, 1, 10, '2021-02-13 09:42:06', '2021-02-13 09:42:06'),
(530, 1, 10, '2021-02-13 09:43:43', '2021-02-13 09:43:43'),
(531, 1, 10, '2021-02-13 09:45:06', '2021-02-13 09:45:06'),
(532, 1, 10, '2021-02-13 09:45:43', '2021-02-13 09:45:43'),
(533, 1, 10, '2021-02-13 09:46:27', '2021-02-13 09:46:27'),
(534, 1, 10, '2021-02-13 09:47:01', '2021-02-13 09:47:01'),
(535, 1, 10, '2021-02-13 09:47:16', '2021-02-13 09:47:16'),
(536, 1, 10, '2021-02-13 09:47:56', '2021-02-13 09:47:56'),
(537, 1, 10, '2021-02-13 09:48:32', '2021-02-13 09:48:32'),
(538, 1, 10, '2021-02-13 09:48:57', '2021-02-13 09:48:57'),
(539, 1, 10, '2021-02-13 09:50:12', '2021-02-13 09:50:12'),
(540, 1, 10, '2021-02-13 09:50:33', '2021-02-13 09:50:33'),
(541, 1, 10, '2021-02-13 09:50:46', '2021-02-13 09:50:46'),
(542, 1, 10, '2021-02-13 09:51:09', '2021-02-13 09:51:09'),
(543, 1, 10, '2021-02-13 09:52:27', '2021-02-13 09:52:27'),
(544, 1, 10, '2021-02-13 09:53:03', '2021-02-13 09:53:03'),
(545, 1, 10, '2021-02-13 09:53:23', '2021-02-13 09:53:23'),
(546, 1, 10, '2021-02-13 09:54:09', '2021-02-13 09:54:09'),
(547, 1, 10, '2021-02-13 09:55:07', '2021-02-13 09:55:07'),
(548, 1, 10, '2021-02-13 09:55:24', '2021-02-13 09:55:24'),
(549, 1, 10, '2021-02-13 09:56:03', '2021-02-13 09:56:03'),
(550, 1, 10, '2021-02-13 09:56:29', '2021-02-13 09:56:29'),
(551, 1, 10, '2021-02-13 09:57:16', '2021-02-13 09:57:16'),
(552, 1, 10, '2021-02-13 09:58:05', '2021-02-13 09:58:05'),
(553, 1, 10, '2021-02-13 09:59:27', '2021-02-13 09:59:27'),
(554, 1, 10, '2021-02-13 09:59:55', '2021-02-13 09:59:55'),
(555, 1, 10, '2021-02-13 10:00:07', '2021-02-13 10:00:07'),
(556, 1, 10, '2021-02-13 10:00:31', '2021-02-13 10:00:31'),
(557, 1, 10, '2021-02-13 10:00:33', '2021-02-13 10:00:33'),
(558, 1, 10, '2021-02-13 10:00:35', '2021-02-13 10:00:35'),
(559, 1, 10, '2021-02-13 10:01:27', '2021-02-13 10:01:27'),
(560, 1, 10, '2021-02-13 10:01:46', '2021-02-13 10:01:46'),
(561, 1, 10, '2021-02-13 10:04:41', '2021-02-13 10:04:41'),
(562, 1, 10, '2021-02-13 10:04:58', '2021-02-13 10:04:58'),
(563, 1, 10, '2021-02-13 10:09:54', '2021-02-13 10:09:54'),
(564, 1, 10, '2021-02-13 10:11:02', '2021-02-13 10:11:02'),
(565, 1, 10, '2021-02-13 10:11:18', '2021-02-13 10:11:18'),
(566, 1, 10, '2021-02-13 10:11:50', '2021-02-13 10:11:50'),
(567, 1, 10, '2021-02-13 10:12:15', '2021-02-13 10:12:15'),
(568, 1, 10, '2021-02-13 10:12:33', '2021-02-13 10:12:33'),
(569, 1, 10, '2021-02-13 10:12:47', '2021-02-13 10:12:47'),
(570, 1, 10, '2021-02-13 10:12:57', '2021-02-13 10:12:57'),
(571, 1, 10, '2021-02-13 10:13:15', '2021-02-13 10:13:15'),
(572, 1, 10, '2021-02-13 10:14:19', '2021-02-13 10:14:19'),
(573, 1, 10, '2021-02-13 10:15:47', '2021-02-13 10:15:47'),
(574, 1, 10, '2021-02-13 10:15:48', '2021-02-13 10:15:48'),
(575, 1, 10, '2021-02-13 10:19:13', '2021-02-13 10:19:13'),
(576, 1, 10, '2021-02-13 10:41:55', '2021-02-13 10:41:55'),
(577, 1, 10, '2021-02-13 10:42:04', '2021-02-13 10:42:04'),
(578, 1, 10, '2021-02-13 10:42:49', '2021-02-13 10:42:49'),
(579, 1, 10, '2021-02-13 10:42:55', '2021-02-13 10:42:55'),
(580, 1, 10, '2021-02-13 10:43:08', '2021-02-13 10:43:08'),
(581, 1, 10, '2021-02-13 10:43:16', '2021-02-13 10:43:16'),
(582, 1, 10, '2021-02-13 10:43:38', '2021-02-13 10:43:38'),
(583, 1, 10, '2021-02-13 10:44:15', '2021-02-13 10:44:15'),
(584, 1, 10, '2021-02-13 10:46:36', '2021-02-13 10:46:36'),
(585, 1, 10, '2021-02-13 10:47:29', '2021-02-13 10:47:29'),
(586, 1, 10, '2021-02-13 10:48:12', '2021-02-13 10:48:12'),
(587, 1, 10, '2021-02-13 10:48:20', '2021-02-13 10:48:20'),
(588, 1, 10, '2021-02-13 10:48:59', '2021-02-13 10:48:59'),
(589, 1, 10, '2021-02-13 10:50:51', '2021-02-13 10:50:51'),
(590, 1, 10, '2021-02-13 10:51:28', '2021-02-13 10:51:28'),
(591, 1, 10, '2021-02-13 10:53:19', '2021-02-13 10:53:19'),
(592, 1, 10, '2021-02-13 10:53:48', '2021-02-13 10:53:48'),
(593, 1, 10, '2021-02-13 10:54:24', '2021-02-13 10:54:24'),
(594, 1, 10, '2021-02-13 11:04:12', '2021-02-13 11:04:12'),
(595, 1, 10, '2021-02-13 11:06:23', '2021-02-13 11:06:23'),
(596, 1, 10, '2021-02-13 11:06:39', '2021-02-13 11:06:39'),
(597, 1, 10, '2021-02-13 11:10:40', '2021-02-13 11:10:40'),
(598, 1, 10, '2021-02-13 11:10:46', '2021-02-13 11:10:46'),
(599, 1, 10, '2021-02-13 11:10:49', '2021-02-13 11:10:49'),
(600, 1, 10, '2021-02-13 11:11:28', '2021-02-13 11:11:28'),
(601, 1, 10, '2021-02-13 11:11:53', '2021-02-13 11:11:53'),
(602, 1, 10, '2021-02-13 11:12:09', '2021-02-13 11:12:09'),
(603, 1, 10, '2021-02-13 11:13:12', '2021-02-13 11:13:12'),
(604, 1, 10, '2021-02-13 11:13:20', '2021-02-13 11:13:20'),
(605, 1, 10, '2021-02-13 11:13:47', '2021-02-13 11:13:47'),
(606, 1, 10, '2021-02-13 11:15:05', '2021-02-13 11:15:05'),
(607, 1, 10, '2021-02-13 11:15:51', '2021-02-13 11:15:51'),
(608, 1, 10, '2021-02-13 11:16:20', '2021-02-13 11:16:20'),
(609, 1, 10, '2021-02-13 11:16:40', '2021-02-13 11:16:40'),
(610, 1, 10, '2021-02-13 11:17:07', '2021-02-13 11:17:07'),
(611, 1, 10, '2021-02-13 11:17:30', '2021-02-13 11:17:30'),
(612, 1, 10, '2021-02-13 11:17:40', '2021-02-13 11:17:40'),
(613, 1, 10, '2021-02-13 11:18:53', '2021-02-13 11:18:53'),
(614, 1, 10, '2021-02-13 11:20:15', '2021-02-13 11:20:15'),
(615, 1, 10, '2021-02-13 11:20:28', '2021-02-13 11:20:28'),
(616, 1, 10, '2021-02-13 11:21:58', '2021-02-13 11:21:58'),
(617, 1, 10, '2021-02-13 11:22:31', '2021-02-13 11:22:31'),
(618, 1, 10, '2021-02-13 11:23:00', '2021-02-13 11:23:00'),
(619, 1, 10, '2021-02-13 11:23:25', '2021-02-13 11:23:25'),
(620, 1, 10, '2021-02-13 11:24:17', '2021-02-13 11:24:17'),
(621, 1, 10, '2021-02-13 11:24:24', '2021-02-13 11:24:24'),
(622, 1, 10, '2021-02-13 11:25:54', '2021-02-13 11:25:54'),
(623, 1, 10, '2021-02-13 11:27:12', '2021-02-13 11:27:12'),
(624, 1, NULL, '2021-02-13 14:54:01', '2021-02-13 14:54:01'),
(625, 1, NULL, '2021-02-13 14:56:21', '2021-02-13 14:56:21'),
(626, 1, NULL, '2021-02-13 15:06:34', '2021-02-13 15:06:34'),
(627, 1, NULL, '2021-02-13 15:08:13', '2021-02-13 15:08:13'),
(628, 1, NULL, '2021-02-13 15:08:29', '2021-02-13 15:08:29'),
(629, 1, NULL, '2021-02-13 15:09:59', '2021-02-13 15:09:59'),
(630, 1, NULL, '2021-02-13 15:11:38', '2021-02-13 15:11:38'),
(631, 1, NULL, '2021-02-13 15:14:51', '2021-02-13 15:14:51'),
(632, 1, NULL, '2021-02-13 15:15:32', '2021-02-13 15:15:32'),
(633, 1, NULL, '2021-02-13 15:16:07', '2021-02-13 15:16:07'),
(634, 1, NULL, '2021-02-13 15:17:57', '2021-02-13 15:17:57'),
(635, 1, NULL, '2021-02-13 15:19:18', '2021-02-13 15:19:18'),
(636, 1, NULL, '2021-02-13 15:20:28', '2021-02-13 15:20:28'),
(637, 1, NULL, '2021-02-13 15:21:52', '2021-02-13 15:21:52'),
(638, 1, NULL, '2021-02-13 15:24:51', '2021-02-13 15:24:51'),
(639, 1, NULL, '2021-02-13 15:25:08', '2021-02-13 15:25:08'),
(640, 1, NULL, '2021-02-13 15:25:20', '2021-02-13 15:25:20'),
(641, 1, NULL, '2021-02-13 15:28:55', '2021-02-13 15:28:55'),
(642, 1, NULL, '2021-02-13 16:16:02', '2021-02-13 16:16:02'),
(643, 1, NULL, '2021-02-13 16:16:28', '2021-02-13 16:16:28'),
(644, 1, NULL, '2021-02-13 16:17:13', '2021-02-13 16:17:13'),
(645, 1, NULL, '2021-02-13 16:18:03', '2021-02-13 16:18:03'),
(646, 1, NULL, '2021-02-13 16:18:26', '2021-02-13 16:18:26'),
(647, 1, NULL, '2021-02-13 16:18:51', '2021-02-13 16:18:51'),
(648, 1, NULL, '2021-02-13 16:21:50', '2021-02-13 16:21:50'),
(649, 1, NULL, '2021-02-13 16:22:01', '2021-02-13 16:22:01'),
(650, 1, NULL, '2021-02-13 16:22:24', '2021-02-13 16:22:24'),
(651, 1, NULL, '2021-02-13 16:27:07', '2021-02-13 16:27:07'),
(652, 1, NULL, '2021-02-13 16:32:23', '2021-02-13 16:32:23'),
(653, 1, NULL, '2021-02-13 16:32:37', '2021-02-13 16:32:37'),
(654, 1, NULL, '2021-02-13 16:32:55', '2021-02-13 16:32:55'),
(655, 1, NULL, '2021-02-13 16:34:10', '2021-02-13 16:34:10'),
(656, 1, NULL, '2021-02-13 16:34:44', '2021-02-13 16:34:44'),
(657, 1, NULL, '2021-02-13 16:35:13', '2021-02-13 16:35:13'),
(658, 1, NULL, '2021-02-13 16:36:22', '2021-02-13 16:36:22'),
(659, 1, NULL, '2021-02-13 16:39:47', '2021-02-13 16:39:47'),
(660, 1, NULL, '2021-02-13 16:40:49', '2021-02-13 16:40:49'),
(661, 1, NULL, '2021-02-13 16:41:00', '2021-02-13 16:41:00'),
(662, 1, NULL, '2021-02-13 16:41:09', '2021-02-13 16:41:09'),
(663, 1, NULL, '2021-02-13 16:42:20', '2021-02-13 16:42:20'),
(664, 1, NULL, '2021-02-13 16:44:08', '2021-02-13 16:44:08'),
(665, 1, NULL, '2021-02-13 16:49:36', '2021-02-13 16:49:36'),
(666, 1, NULL, '2021-02-13 16:52:39', '2021-02-13 16:52:39'),
(667, 1, NULL, '2021-02-13 16:52:50', '2021-02-13 16:52:50'),
(668, 1, NULL, '2021-02-13 16:52:52', '2021-02-13 16:52:52'),
(669, 1, NULL, '2021-02-13 16:53:18', '2021-02-13 16:53:18'),
(670, 1, NULL, '2021-02-13 16:54:33', '2021-02-13 16:54:33'),
(671, 1, NULL, '2021-02-13 16:54:36', '2021-02-13 16:54:36'),
(672, 1, NULL, '2021-02-13 16:56:48', '2021-02-13 16:56:48'),
(673, 1, NULL, '2021-02-13 16:57:31', '2021-02-13 16:57:31'),
(674, 1, NULL, '2021-02-13 17:00:07', '2021-02-13 17:00:07'),
(675, 1, NULL, '2021-02-13 17:00:29', '2021-02-13 17:00:29'),
(676, 1, NULL, '2021-02-13 17:00:59', '2021-02-13 17:00:59'),
(677, 1, NULL, '2021-02-13 17:01:13', '2021-02-13 17:01:13'),
(678, 1, NULL, '2021-02-13 17:01:23', '2021-02-13 17:01:23'),
(679, 1, NULL, '2021-02-13 17:01:35', '2021-02-13 17:01:35'),
(680, 1, NULL, '2021-02-13 17:01:51', '2021-02-13 17:01:51'),
(681, 1, NULL, '2021-02-13 17:02:05', '2021-02-13 17:02:05'),
(682, 1, NULL, '2021-02-13 17:02:19', '2021-02-13 17:02:19'),
(683, 1, NULL, '2021-02-13 17:02:42', '2021-02-13 17:02:42'),
(684, 1, NULL, '2021-02-13 17:06:24', '2021-02-13 17:06:24'),
(685, 1, NULL, '2021-02-13 17:06:32', '2021-02-13 17:06:32'),
(686, 1, NULL, '2021-02-13 17:06:39', '2021-02-13 17:06:39'),
(687, 1, NULL, '2021-02-13 17:07:05', '2021-02-13 17:07:05'),
(688, 1, NULL, '2021-02-13 17:07:08', '2021-02-13 17:07:08'),
(689, 1, NULL, '2021-02-13 17:07:48', '2021-02-13 17:07:48'),
(690, 1, NULL, '2021-02-13 17:08:03', '2021-02-13 17:08:03'),
(691, 1, NULL, '2021-02-13 17:08:50', '2021-02-13 17:08:50'),
(692, 1, NULL, '2021-02-13 17:09:56', '2021-02-13 17:09:56'),
(693, 1, NULL, '2021-02-13 17:10:27', '2021-02-13 17:10:27'),
(694, 1, NULL, '2021-02-13 17:11:22', '2021-02-13 17:11:22'),
(695, 1, NULL, '2021-02-13 17:11:50', '2021-02-13 17:11:50'),
(696, 1, NULL, '2021-02-13 17:12:33', '2021-02-13 17:12:33'),
(697, 1, NULL, '2021-02-13 17:13:32', '2021-02-13 17:13:32'),
(698, 1, NULL, '2021-02-13 17:14:07', '2021-02-13 17:14:07'),
(699, 1, NULL, '2021-02-13 17:14:40', '2021-02-13 17:14:40'),
(700, 1, NULL, '2021-02-13 17:14:41', '2021-02-13 17:14:41'),
(701, 1, NULL, '2021-02-13 17:18:39', '2021-02-13 17:18:39'),
(702, 1, NULL, '2021-02-13 17:18:58', '2021-02-13 17:18:58'),
(703, 1, NULL, '2021-02-13 17:19:59', '2021-02-13 17:19:59'),
(704, 1, NULL, '2021-02-13 17:20:42', '2021-02-13 17:20:42'),
(705, 1, NULL, '2021-02-15 03:56:07', '2021-02-15 03:56:07'),
(706, 1, NULL, '2021-02-15 03:57:04', '2021-02-15 03:57:04'),
(707, 1, NULL, '2021-02-15 03:57:16', '2021-02-15 03:57:16'),
(708, 1, NULL, '2021-02-15 04:00:26', '2021-02-15 04:00:26'),
(709, 1, NULL, '2021-02-15 04:00:50', '2021-02-15 04:00:50'),
(710, 1, NULL, '2021-02-15 04:03:05', '2021-02-15 04:03:05'),
(711, 1, NULL, '2021-02-15 04:04:32', '2021-02-15 04:04:32'),
(712, 1, NULL, '2021-02-15 04:04:39', '2021-02-15 04:04:39'),
(713, 1, NULL, '2021-02-15 04:04:53', '2021-02-15 04:04:53'),
(714, 1, NULL, '2021-02-15 04:21:22', '2021-02-15 04:21:22'),
(715, 1, NULL, '2021-02-15 04:21:49', '2021-02-15 04:21:49'),
(716, 1, NULL, '2021-02-15 05:08:20', '2021-02-15 05:08:20'),
(717, 1, NULL, '2021-02-15 05:08:56', '2021-02-15 05:08:56'),
(718, 1, NULL, '2021-02-15 05:10:24', '2021-02-15 05:10:24'),
(719, 1, NULL, '2021-02-15 05:10:56', '2021-02-15 05:10:56'),
(720, 1, NULL, '2021-02-15 05:11:04', '2021-02-15 05:11:04'),
(721, 1, NULL, '2021-02-15 05:11:54', '2021-02-15 05:11:54'),
(722, 1, NULL, '2021-02-15 05:12:01', '2021-02-15 05:12:01'),
(723, 1, NULL, '2021-02-15 05:12:40', '2021-02-15 05:12:40'),
(724, 1, NULL, '2021-02-15 05:12:58', '2021-02-15 05:12:58'),
(725, 1, NULL, '2021-02-15 05:13:28', '2021-02-15 05:13:28'),
(726, 1, NULL, '2021-02-15 05:14:07', '2021-02-15 05:14:07'),
(727, 1, NULL, '2021-02-15 05:14:41', '2021-02-15 05:14:41'),
(728, 3, NULL, '2021-02-15 05:15:30', '2021-02-15 05:15:30'),
(729, 3, NULL, '2021-02-15 05:16:24', '2021-02-15 05:16:24'),
(730, 1, NULL, '2021-02-15 05:16:35', '2021-02-15 05:16:35'),
(731, 1, NULL, '2021-02-15 05:16:59', '2021-02-15 05:16:59'),
(732, 1, NULL, '2021-02-15 05:44:48', '2021-02-15 05:44:48'),
(733, 1, 10, '2021-02-15 05:45:04', '2021-02-15 05:45:04'),
(734, 1, 10, '2021-02-15 05:45:40', '2021-02-15 05:45:40'),
(735, 1, 10, '2021-02-15 05:45:58', '2021-02-15 05:45:58'),
(736, 1, 10, '2021-02-15 05:46:05', '2021-02-15 05:46:05'),
(737, 1, 10, '2021-02-15 05:46:12', '2021-02-15 05:46:12'),
(738, 1, 10, '2021-02-15 05:46:21', '2021-02-15 05:46:21'),
(739, 1, 10, '2021-02-15 05:46:31', '2021-02-15 05:46:31'),
(740, 1, 10, '2021-02-15 05:46:36', '2021-02-15 05:46:36'),
(741, 1, 10, '2021-02-15 05:46:45', '2021-02-15 05:46:45'),
(742, 1, 10, '2021-02-15 05:57:41', '2021-02-15 05:57:41'),
(743, 1, 10, '2021-02-15 05:59:55', '2021-02-15 05:59:55'),
(744, 1, 10, '2021-02-15 06:00:24', '2021-02-15 06:00:24'),
(745, 1, 10, '2021-02-15 06:00:27', '2021-02-15 06:00:27'),
(746, 1, 10, '2021-02-15 06:01:07', '2021-02-15 06:01:07'),
(747, 1, 10, '2021-02-15 06:02:55', '2021-02-15 06:02:55'),
(748, 1, 10, '2021-02-15 06:03:40', '2021-02-15 06:03:40'),
(749, 1, 10, '2021-02-15 06:04:47', '2021-02-15 06:04:47'),
(750, 1, 10, '2021-02-15 06:04:55', '2021-02-15 06:04:55'),
(751, 1, 10, '2021-02-15 06:05:02', '2021-02-15 06:05:02'),
(752, 1, 10, '2021-02-15 06:06:18', '2021-02-15 06:06:18'),
(753, 1, 10, '2021-02-15 06:06:28', '2021-02-15 06:06:28'),
(754, 1, 10, '2021-02-15 06:06:42', '2021-02-15 06:06:42'),
(755, 1, 10, '2021-02-15 06:06:59', '2021-02-15 06:06:59'),
(756, 1, 10, '2021-02-15 06:08:05', '2021-02-15 06:08:05'),
(757, 1, 10, '2021-02-15 06:08:17', '2021-02-15 06:08:17'),
(758, 1, 10, '2021-02-15 06:08:29', '2021-02-15 06:08:29'),
(759, 1, 10, '2021-02-15 06:08:53', '2021-02-15 06:08:53'),
(760, 1, 10, '2021-02-15 06:10:27', '2021-02-15 06:10:27'),
(761, 1, 10, '2021-02-15 06:10:38', '2021-02-15 06:10:38'),
(762, 1, 10, '2021-02-15 06:10:45', '2021-02-15 06:10:45'),
(763, 1, 10, '2021-02-15 06:11:02', '2021-02-15 06:11:02'),
(764, 1, 10, '2021-02-15 06:11:11', '2021-02-15 06:11:11'),
(765, 1, 10, '2021-02-15 06:12:18', '2021-02-15 06:12:18'),
(766, 1, 10, '2021-02-15 06:14:16', '2021-02-15 06:14:16'),
(767, 1, 10, '2021-02-15 06:14:26', '2021-02-15 06:14:26'),
(768, 1, 10, '2021-02-15 06:15:04', '2021-02-15 06:15:04'),
(769, 1, 10, '2021-02-15 06:15:23', '2021-02-15 06:15:23'),
(770, 1, 10, '2021-02-15 06:16:53', '2021-02-15 06:16:53'),
(771, 1, 10, '2021-02-15 06:17:26', '2021-02-15 06:17:26'),
(772, 1, 10, '2021-02-15 06:18:25', '2021-02-15 06:18:25'),
(773, 1, 10, '2021-02-15 06:19:49', '2021-02-15 06:19:49'),
(774, 1, 10, '2021-02-15 06:21:01', '2021-02-15 06:21:01'),
(775, 1, 10, '2021-02-15 06:22:17', '2021-02-15 06:22:17'),
(776, 1, 10, '2021-02-15 06:23:00', '2021-02-15 06:23:00'),
(777, 1, 10, '2021-02-15 06:23:08', '2021-02-15 06:23:08'),
(778, 1, 10, '2021-02-15 06:23:13', '2021-02-15 06:23:13'),
(779, 2, 10, '2021-02-15 06:23:20', '2021-02-15 06:23:20'),
(780, 1, 10, '2021-02-15 06:24:12', '2021-02-15 06:24:12'),
(781, 1, 10, '2021-02-15 06:24:16', '2021-02-15 06:24:16'),
(782, 1, 10, '2021-02-15 06:24:43', '2021-02-15 06:24:43'),
(783, 2, 10, '2021-02-15 06:24:49', '2021-02-15 06:24:49'),
(784, 2, 10, '2021-02-15 06:25:09', '2021-02-15 06:25:09'),
(785, 2, 10, '2021-02-15 06:25:30', '2021-02-15 06:25:30'),
(786, 2, 10, '2021-02-15 06:26:05', '2021-02-15 06:26:05'),
(787, 2, 10, '2021-02-15 06:26:12', '2021-02-15 06:26:12'),
(788, 1, 10, '2021-02-15 06:26:22', '2021-02-15 06:26:22'),
(789, 1, 10, '2021-02-15 06:26:38', '2021-02-15 06:26:38'),
(790, 1, 10, '2021-02-15 06:26:43', '2021-02-15 06:26:43'),
(791, 2, 10, '2021-02-15 06:26:47', '2021-02-15 06:26:47'),
(792, 1, 10, '2021-02-15 06:26:56', '2021-02-15 06:26:56'),
(793, 2, 10, '2021-02-15 06:27:02', '2021-02-15 06:27:02'),
(794, 1, 10, '2021-02-15 06:29:19', '2021-02-15 06:29:19'),
(795, 1, 10, '2021-02-15 06:32:02', '2021-02-15 06:32:02'),
(796, 1, 10, '2021-02-15 06:32:50', '2021-02-15 06:32:50'),
(797, 2, 10, '2021-02-15 06:32:54', '2021-02-15 06:32:54'),
(798, 2, 10, '2021-02-15 06:33:36', '2021-02-15 06:33:36'),
(799, 2, 10, '2021-02-15 06:33:51', '2021-02-15 06:33:51'),
(800, 2, 10, '2021-02-15 06:34:16', '2021-02-15 06:34:16'),
(801, 1, 10, '2021-02-15 06:34:20', '2021-02-15 06:34:20'),
(802, 1, NULL, '2021-02-15 06:34:37', '2021-02-15 06:34:37'),
(803, 2, NULL, '2021-02-15 06:34:42', '2021-02-15 06:34:42'),
(804, 2, 10, '2021-02-15 06:34:55', '2021-02-15 06:34:55'),
(805, 1, NULL, '2021-02-15 06:35:14', '2021-02-15 06:35:14'),
(806, 1, NULL, '2021-02-15 06:37:32', '2021-02-15 06:37:32'),
(807, 1, NULL, '2021-02-15 06:37:45', '2021-02-15 06:37:45'),
(808, 1, NULL, '2021-02-15 06:38:06', '2021-02-15 06:38:06'),
(809, 1, NULL, '2021-02-15 06:39:16', '2021-02-15 06:39:16'),
(810, 1, NULL, '2021-02-15 06:40:00', '2021-02-15 06:40:00'),
(811, 1, NULL, '2021-02-15 06:40:03', '2021-02-15 06:40:03'),
(812, 1, NULL, '2021-02-15 06:40:41', '2021-02-15 06:40:41'),
(813, 1, NULL, '2021-02-15 06:40:48', '2021-02-15 06:40:48'),
(814, 1, NULL, '2021-02-15 06:42:28', '2021-02-15 06:42:28'),
(815, 1, NULL, '2021-02-15 06:44:44', '2021-02-15 06:44:44'),
(816, 1, NULL, '2021-02-15 06:44:56', '2021-02-15 06:44:56'),
(817, 1, NULL, '2021-02-15 06:45:33', '2021-02-15 06:45:33'),
(818, 1, NULL, '2021-02-15 06:45:44', '2021-02-15 06:45:44'),
(819, 1, NULL, '2021-02-15 06:46:08', '2021-02-15 06:46:08'),
(820, 1, NULL, '2021-02-15 06:49:23', '2021-02-15 06:49:23'),
(821, 1, NULL, '2021-02-15 06:49:26', '2021-02-15 06:49:26'),
(822, 1, NULL, '2021-02-15 06:49:34', '2021-02-15 06:49:34'),
(823, 2, NULL, '2021-02-15 06:49:45', '2021-02-15 06:49:45'),
(824, 2, NULL, '2021-02-15 06:50:27', '2021-02-15 06:50:27'),
(825, 1, NULL, '2021-02-15 06:50:36', '2021-02-15 06:50:36'),
(826, 2, NULL, '2021-02-15 06:50:45', '2021-02-15 06:50:45'),
(827, 2, NULL, '2021-02-15 06:51:58', '2021-02-15 06:51:58'),
(828, 2, NULL, '2021-02-15 06:52:15', '2021-02-15 06:52:15'),
(829, 2, NULL, '2021-02-15 06:52:39', '2021-02-15 06:52:39'),
(830, 2, NULL, '2021-02-15 06:53:04', '2021-02-15 06:53:04'),
(831, 1, NULL, '2021-02-15 06:53:10', '2021-02-15 06:53:10'),
(832, 1, NULL, '2021-02-15 06:53:44', '2021-02-15 06:53:44'),
(833, 3, NULL, '2021-02-15 06:53:57', '2021-02-15 06:53:57'),
(834, 1, NULL, '2021-02-15 06:54:11', '2021-02-15 06:54:11'),
(835, 1, NULL, '2021-02-15 06:54:49', '2021-02-15 06:54:49'),
(836, 1, 10, '2021-02-15 06:55:08', '2021-02-15 06:55:08'),
(837, 2, 10, '2021-02-15 06:55:25', '2021-02-15 06:55:25'),
(838, 2, 10, '2021-02-15 06:56:39', '2021-02-15 06:56:39'),
(839, 2, 10, '2021-02-15 06:57:06', '2021-02-15 06:57:06'),
(840, 2, 10, '2021-02-15 06:57:15', '2021-02-15 06:57:15'),
(841, 2, 10, '2021-02-15 06:57:30', '2021-02-15 06:57:30'),
(842, 2, 10, '2021-02-15 06:57:44', '2021-02-15 06:57:44'),
(843, 2, 10, '2021-02-15 06:57:52', '2021-02-15 06:57:52'),
(844, 2, 10, '2021-02-15 06:58:00', '2021-02-15 06:58:00');
INSERT INTO `book_counters` (`bc_id`, `bc_book_id`, `bc_client_id`, `bc_created_at`, `bc_updated_at`) VALUES
(845, 2, 10, '2021-02-15 06:58:05', '2021-02-15 06:58:05'),
(846, 2, 10, '2021-02-15 06:58:12', '2021-02-15 06:58:12'),
(847, 1, 10, '2021-02-15 06:58:34', '2021-02-15 06:58:34'),
(848, 1, 10, '2021-02-15 06:58:53', '2021-02-15 06:58:53'),
(849, 2, 10, '2021-02-15 06:59:08', '2021-02-15 06:59:08'),
(850, 2, 10, '2021-02-15 07:00:14', '2021-02-15 07:00:14'),
(851, 2, 10, '2021-02-15 07:00:48', '2021-02-15 07:00:48'),
(852, 2, 10, '2021-02-15 07:02:15', '2021-02-15 07:02:15'),
(853, 1, 10, '2021-02-15 07:02:36', '2021-02-15 07:02:36'),
(854, 1, 10, '2021-02-15 07:03:19', '2021-02-15 07:03:19'),
(855, 2, 10, '2021-02-15 07:03:21', '2021-02-15 07:03:21'),
(856, 2, 10, '2021-02-15 07:03:45', '2021-02-15 07:03:45'),
(857, 1, 10, '2021-02-15 07:03:56', '2021-02-15 07:03:56'),
(858, 1, 10, '2021-02-15 07:06:49', '2021-02-15 07:06:49'),
(859, 1, 10, '2021-02-15 07:07:34', '2021-02-15 07:07:34'),
(860, 1, 10, '2021-02-15 07:07:40', '2021-02-15 07:07:40'),
(861, 1, 10, '2021-02-15 07:07:48', '2021-02-15 07:07:48'),
(862, 1, 10, '2021-02-15 07:08:11', '2021-02-15 07:08:11'),
(863, 1, 10, '2021-02-15 07:08:39', '2021-02-15 07:08:39'),
(864, 1, 10, '2021-02-15 07:08:46', '2021-02-15 07:08:46'),
(865, 1, 10, '2021-02-15 07:08:55', '2021-02-15 07:08:55'),
(866, 1, 10, '2021-02-15 07:11:07', '2021-02-15 07:11:07'),
(867, 1, 10, '2021-02-15 07:11:40', '2021-02-15 07:11:40'),
(868, 1, 10, '2021-02-15 07:11:48', '2021-02-15 07:11:48'),
(869, 1, 10, '2021-02-15 07:12:08', '2021-02-15 07:12:08'),
(870, 1, 10, '2021-02-15 07:13:04', '2021-02-15 07:13:04'),
(871, 1, 10, '2021-02-15 07:13:31', '2021-02-15 07:13:31'),
(872, 1, 10, '2021-02-15 07:13:44', '2021-02-15 07:13:44'),
(873, 1, NULL, '2021-02-15 08:22:53', '2021-02-15 08:22:53'),
(874, 1, NULL, '2021-02-15 08:24:21', '2021-02-15 08:24:21'),
(875, 1, NULL, '2021-02-15 08:26:13', '2021-02-15 08:26:13'),
(876, 1, NULL, '2021-02-15 08:28:30', '2021-02-15 08:28:30'),
(877, 3, NULL, '2021-02-15 09:07:55', '2021-02-15 09:07:55'),
(878, 1, NULL, '2021-02-16 03:42:00', '2021-02-16 03:42:00'),
(879, 1, NULL, '2021-02-16 04:29:35', '2021-02-16 04:29:35'),
(880, 1, NULL, '2021-02-16 04:31:08', '2021-02-16 04:31:08'),
(881, 1, NULL, '2021-02-16 04:37:41', '2021-02-16 04:37:41'),
(882, 1, NULL, '2021-02-16 04:39:24', '2021-02-16 04:39:24'),
(883, 1, NULL, '2021-02-17 04:07:52', '2021-02-17 04:07:52'),
(884, 2, NULL, '2021-02-17 06:30:14', '2021-02-17 06:30:14'),
(885, 17, NULL, '2021-02-17 06:36:41', '2021-02-17 06:36:41'),
(886, 17, NULL, '2021-02-17 06:37:23', '2021-02-17 06:37:23'),
(887, 17, NULL, '2021-02-17 06:37:35', '2021-02-17 06:37:35'),
(888, 17, NULL, '2021-02-17 06:40:12', '2021-02-17 06:40:12'),
(889, 17, NULL, '2021-02-17 06:41:33', '2021-02-17 06:41:33'),
(890, 17, NULL, '2021-02-17 06:41:49', '2021-02-17 06:41:49'),
(891, 17, NULL, '2021-02-17 06:42:05', '2021-02-17 06:42:05'),
(892, 17, NULL, '2021-02-17 06:42:18', '2021-02-17 06:42:18'),
(893, 17, NULL, '2021-02-17 06:42:33', '2021-02-17 06:42:33'),
(894, 17, NULL, '2021-02-17 06:42:48', '2021-02-17 06:42:48'),
(895, 17, NULL, '2021-02-17 06:42:57', '2021-02-17 06:42:57'),
(896, 17, NULL, '2021-02-17 06:43:26', '2021-02-17 06:43:26'),
(897, 17, NULL, '2021-02-17 06:43:38', '2021-02-17 06:43:38'),
(898, 17, NULL, '2021-02-17 06:45:22', '2021-02-17 06:45:22'),
(899, 17, NULL, '2021-02-17 06:45:30', '2021-02-17 06:45:30'),
(900, 17, NULL, '2021-02-17 06:45:34', '2021-02-17 06:45:34'),
(901, 17, NULL, '2021-02-17 06:45:38', '2021-02-17 06:45:38'),
(902, 17, NULL, '2021-02-17 06:46:11', '2021-02-17 06:46:11'),
(903, 17, NULL, '2021-02-17 06:46:18', '2021-02-17 06:46:18'),
(904, 17, NULL, '2021-02-17 06:46:43', '2021-02-17 06:46:43'),
(905, 17, NULL, '2021-02-17 06:46:47', '2021-02-17 06:46:47'),
(906, 17, NULL, '2021-02-17 06:46:52', '2021-02-17 06:46:52'),
(907, 17, NULL, '2021-02-17 06:46:56', '2021-02-17 06:46:56'),
(908, 17, NULL, '2021-02-17 06:47:24', '2021-02-17 06:47:24'),
(909, 1, NULL, '2021-02-17 07:17:51', '2021-02-17 07:17:51'),
(910, 1, NULL, '2021-02-17 07:18:02', '2021-02-17 07:18:02'),
(911, 17, NULL, '2021-02-17 07:18:22', '2021-02-17 07:18:22'),
(912, 17, NULL, '2021-02-17 07:18:31', '2021-02-17 07:18:31'),
(913, 17, NULL, '2021-02-17 07:18:52', '2021-02-17 07:18:52'),
(914, 1, NULL, '2021-02-17 07:21:07', '2021-02-17 07:21:07'),
(915, 1, NULL, '2021-02-17 07:21:13', '2021-02-17 07:21:13'),
(916, 1, NULL, '2021-02-17 07:24:15', '2021-02-17 07:24:15'),
(917, 1, NULL, '2021-02-17 07:24:35', '2021-02-17 07:24:35'),
(918, 1, NULL, '2021-02-17 07:25:13', '2021-02-17 07:25:13'),
(919, 1, NULL, '2021-02-17 07:27:48', '2021-02-17 07:27:48'),
(920, 1, NULL, '2021-02-17 07:28:00', '2021-02-17 07:28:00'),
(921, 1, NULL, '2021-02-17 08:38:13', '2021-02-17 08:38:13'),
(922, 17, NULL, '2021-02-17 10:15:09', '2021-02-17 10:15:09'),
(923, 17, NULL, '2021-02-17 10:15:16', '2021-02-17 10:15:16'),
(924, 17, NULL, '2021-02-17 10:16:26', '2021-02-17 10:16:26'),
(925, 17, NULL, '2021-02-17 10:17:59', '2021-02-17 10:17:59'),
(926, 17, NULL, '2021-02-17 10:18:38', '2021-02-17 10:18:38'),
(927, 17, NULL, '2021-02-17 10:18:41', '2021-02-17 10:18:41'),
(928, 17, NULL, '2021-02-17 10:18:58', '2021-02-17 10:18:58'),
(929, 17, NULL, '2021-02-17 10:20:19', '2021-02-17 10:20:19'),
(930, 17, NULL, '2021-02-17 10:21:10', '2021-02-17 10:21:10'),
(931, 17, NULL, '2021-02-17 10:21:13', '2021-02-17 10:21:13'),
(932, 1, NULL, '2021-02-17 10:28:40', '2021-02-17 10:28:40'),
(933, 1, NULL, '2021-02-17 10:29:05', '2021-02-17 10:29:05'),
(934, 1, NULL, '2021-02-17 10:29:15', '2021-02-17 10:29:15'),
(935, 1, NULL, '2021-02-17 10:29:23', '2021-02-17 10:29:23'),
(936, 1, NULL, '2021-02-17 10:29:31', '2021-02-17 10:29:31'),
(937, 1, NULL, '2021-02-17 10:29:36', '2021-02-17 10:29:36'),
(938, 1, NULL, '2021-02-17 10:29:59', '2021-02-17 10:29:59'),
(939, 1, NULL, '2021-02-17 10:47:20', '2021-02-17 10:47:20'),
(940, 1, NULL, '2021-02-17 10:47:25', '2021-02-17 10:47:25'),
(941, 1, NULL, '2021-02-17 10:50:21', '2021-02-17 10:50:21'),
(942, 1, NULL, '2021-02-17 10:50:26', '2021-02-17 10:50:26'),
(943, 1, NULL, '2021-02-17 11:00:37', '2021-02-17 11:00:37'),
(944, 1, NULL, '2021-02-17 11:29:58', '2021-02-17 11:29:58'),
(945, 1, NULL, '2021-02-18 04:54:24', '2021-02-18 04:54:24'),
(946, 2, 10, '2021-02-18 04:56:02', '2021-02-18 04:56:02'),
(947, 3, NULL, '2021-02-18 06:05:23', '2021-02-18 06:05:23'),
(948, 3, NULL, '2021-02-18 06:05:51', '2021-02-18 06:05:51'),
(949, 1, NULL, '2021-02-18 06:06:23', '2021-02-18 06:06:23'),
(950, 1, NULL, '2021-02-18 06:07:15', '2021-02-18 06:07:15'),
(951, 1, NULL, '2021-02-18 06:07:41', '2021-02-18 06:07:41'),
(952, 1, NULL, '2021-02-18 06:08:00', '2021-02-18 06:08:00'),
(953, 7, NULL, '2021-02-18 06:08:28', '2021-02-18 06:08:28'),
(954, 1, NULL, '2021-02-18 06:45:49', '2021-02-18 06:45:49'),
(955, 1, NULL, '2021-02-18 06:46:47', '2021-02-18 06:46:47'),
(956, 9, NULL, '2021-02-18 10:28:50', '2021-02-18 10:28:50'),
(957, 8, NULL, '2021-02-18 10:38:48', '2021-02-18 10:38:48'),
(958, 1, NULL, '2021-02-20 05:02:23', '2021-02-20 05:02:23'),
(959, 1, NULL, '2021-02-20 05:02:50', '2021-02-20 05:02:50'),
(960, 1, NULL, '2021-02-20 05:04:49', '2021-02-20 05:04:49'),
(961, 1, NULL, '2021-02-20 05:06:18', '2021-02-20 05:06:18'),
(962, 1, NULL, '2021-02-20 05:06:23', '2021-02-20 05:06:23'),
(963, 1, NULL, '2021-02-20 05:07:06', '2021-02-20 05:07:06'),
(964, 1, NULL, '2021-02-20 05:07:51', '2021-02-20 05:07:51'),
(965, 1, NULL, '2021-02-20 05:09:02', '2021-02-20 05:09:02'),
(966, 1, NULL, '2021-02-20 05:11:25', '2021-02-20 05:11:25'),
(967, 1, NULL, '2021-02-20 05:12:40', '2021-02-20 05:12:40'),
(968, 1, NULL, '2021-02-20 05:14:17', '2021-02-20 05:14:17'),
(969, 1, NULL, '2021-02-20 05:14:20', '2021-02-20 05:14:20'),
(970, 1, NULL, '2021-02-20 05:15:57', '2021-02-20 05:15:57'),
(971, 1, NULL, '2021-02-20 05:16:00', '2021-02-20 05:16:00'),
(972, 1, NULL, '2021-02-20 05:17:49', '2021-02-20 05:17:49'),
(973, 1, NULL, '2021-02-20 05:18:40', '2021-02-20 05:18:40'),
(974, 1, NULL, '2021-02-20 05:19:05', '2021-02-20 05:19:05'),
(975, 1, NULL, '2021-02-20 05:19:07', '2021-02-20 05:19:07'),
(976, 1, NULL, '2021-02-20 05:19:08', '2021-02-20 05:19:08'),
(977, 1, NULL, '2021-02-20 05:19:18', '2021-02-20 05:19:18'),
(978, 1, NULL, '2021-02-20 05:19:35', '2021-02-20 05:19:35'),
(979, 1, NULL, '2021-02-20 05:19:58', '2021-02-20 05:19:58'),
(980, 1, NULL, '2021-02-20 05:20:00', '2021-02-20 05:20:00'),
(981, 1, NULL, '2021-02-20 05:20:02', '2021-02-20 05:20:02'),
(982, 1, NULL, '2021-02-20 05:22:19', '2021-02-20 05:22:19'),
(983, 1, NULL, '2021-02-20 05:22:21', '2021-02-20 05:22:21'),
(984, 1, NULL, '2021-02-20 05:22:58', '2021-02-20 05:22:58'),
(985, 1, NULL, '2021-02-20 05:23:00', '2021-02-20 05:23:00'),
(986, 1, NULL, '2021-02-20 05:23:33', '2021-02-20 05:23:33'),
(987, 1, NULL, '2021-02-20 05:23:49', '2021-02-20 05:23:49'),
(988, 1, NULL, '2021-02-20 05:23:56', '2021-02-20 05:23:56'),
(989, 1, NULL, '2021-02-20 05:24:05', '2021-02-20 05:24:05'),
(990, 1, NULL, '2021-02-20 05:31:08', '2021-02-20 05:31:08'),
(991, 1, NULL, '2021-02-20 05:31:16', '2021-02-20 05:31:16'),
(992, 1, NULL, '2021-02-20 05:31:20', '2021-02-20 05:31:20'),
(993, 1, NULL, '2021-02-20 05:32:58', '2021-02-20 05:32:58'),
(994, 1, NULL, '2021-02-20 05:34:31', '2021-02-20 05:34:31'),
(995, 1, NULL, '2021-02-20 05:35:35', '2021-02-20 05:35:35'),
(996, 1, NULL, '2021-02-20 05:35:53', '2021-02-20 05:35:53'),
(997, 1, NULL, '2021-02-20 05:37:19', '2021-02-20 05:37:19'),
(998, 1, NULL, '2021-02-20 05:38:08', '2021-02-20 05:38:08'),
(999, 1, NULL, '2021-02-20 05:38:23', '2021-02-20 05:38:23'),
(1000, 1, NULL, '2021-02-20 05:38:33', '2021-02-20 05:38:33'),
(1001, 1, NULL, '2021-02-20 05:38:39', '2021-02-20 05:38:39'),
(1002, 1, NULL, '2021-02-20 05:38:57', '2021-02-20 05:38:57'),
(1003, 1, NULL, '2021-02-20 05:39:06', '2021-02-20 05:39:06'),
(1004, 1, NULL, '2021-02-20 05:39:14', '2021-02-20 05:39:14'),
(1005, 1, NULL, '2021-02-20 05:39:21', '2021-02-20 05:39:21'),
(1006, 1, NULL, '2021-02-20 05:40:00', '2021-02-20 05:40:00'),
(1007, 1, NULL, '2021-02-20 05:40:03', '2021-02-20 05:40:03'),
(1008, 1, NULL, '2021-02-20 05:41:51', '2021-02-20 05:41:51'),
(1009, 1, NULL, '2021-02-20 05:43:23', '2021-02-20 05:43:23'),
(1010, 1, NULL, '2021-02-20 05:43:28', '2021-02-20 05:43:28'),
(1011, 1, NULL, '2021-02-20 05:44:05', '2021-02-20 05:44:05'),
(1012, 1, NULL, '2021-02-20 05:44:17', '2021-02-20 05:44:17'),
(1013, 1, NULL, '2021-02-20 05:44:22', '2021-02-20 05:44:22'),
(1014, 1, NULL, '2021-02-20 05:44:34', '2021-02-20 05:44:34'),
(1015, 1, NULL, '2021-02-20 05:44:46', '2021-02-20 05:44:46'),
(1016, 1, NULL, '2021-02-20 05:45:36', '2021-02-20 05:45:36'),
(1017, 1, NULL, '2021-02-20 05:45:54', '2021-02-20 05:45:54'),
(1018, 1, NULL, '2021-02-20 05:46:01', '2021-02-20 05:46:01'),
(1019, 1, NULL, '2021-02-20 05:46:07', '2021-02-20 05:46:07'),
(1020, 1, NULL, '2021-02-20 05:47:49', '2021-02-20 05:47:49'),
(1021, 1, NULL, '2021-02-20 05:48:00', '2021-02-20 05:48:00'),
(1022, 1, NULL, '2021-02-20 05:48:04', '2021-02-20 05:48:04'),
(1023, 1, NULL, '2021-02-20 05:49:19', '2021-02-20 05:49:19'),
(1024, 1, NULL, '2021-02-20 05:49:38', '2021-02-20 05:49:38'),
(1025, 1, NULL, '2021-02-20 05:50:33', '2021-02-20 05:50:33'),
(1026, 1, NULL, '2021-02-20 05:50:56', '2021-02-20 05:50:56'),
(1027, 1, NULL, '2021-02-20 05:52:29', '2021-02-20 05:52:29'),
(1028, 1, NULL, '2021-02-20 06:10:08', '2021-02-20 06:10:08'),
(1029, 1, NULL, '2021-02-20 06:10:56', '2021-02-20 06:10:56'),
(1030, 1, NULL, '2021-02-20 06:11:50', '2021-02-20 06:11:50'),
(1031, 1, NULL, '2021-02-20 06:11:53', '2021-02-20 06:11:53'),
(1032, 1, NULL, '2021-02-20 06:12:45', '2021-02-20 06:12:45'),
(1033, 1, NULL, '2021-02-20 06:12:55', '2021-02-20 06:12:55'),
(1034, 1, NULL, '2021-02-20 06:13:12', '2021-02-20 06:13:12'),
(1035, 1, NULL, '2021-02-20 06:13:43', '2021-02-20 06:13:43'),
(1036, 1, NULL, '2021-02-20 06:14:46', '2021-02-20 06:14:46'),
(1037, 1, NULL, '2021-02-20 06:14:51', '2021-02-20 06:14:51'),
(1038, 1, NULL, '2021-02-20 06:17:12', '2021-02-20 06:17:12'),
(1039, 1, NULL, '2021-02-20 06:17:14', '2021-02-20 06:17:14'),
(1040, 1, NULL, '2021-02-20 06:17:47', '2021-02-20 06:17:47'),
(1041, 1, NULL, '2021-02-20 06:18:19', '2021-02-20 06:18:19'),
(1042, 1, NULL, '2021-02-20 06:18:27', '2021-02-20 06:18:27'),
(1043, 1, NULL, '2021-02-20 06:19:57', '2021-02-20 06:19:57'),
(1044, 1, NULL, '2021-02-20 06:20:17', '2021-02-20 06:20:17'),
(1045, 1, NULL, '2021-02-20 06:20:24', '2021-02-20 06:20:24'),
(1046, 1, NULL, '2021-02-20 06:22:05', '2021-02-20 06:22:05'),
(1047, 1, NULL, '2021-02-20 06:23:57', '2021-02-20 06:23:57'),
(1048, 1, NULL, '2021-02-20 06:24:13', '2021-02-20 06:24:13'),
(1049, 1, NULL, '2021-02-20 06:25:56', '2021-02-20 06:25:56'),
(1050, 1, NULL, '2021-02-20 06:26:30', '2021-02-20 06:26:30'),
(1051, 1, NULL, '2021-02-20 06:28:00', '2021-02-20 06:28:00'),
(1052, 1, NULL, '2021-02-20 06:31:32', '2021-02-20 06:31:32'),
(1053, 1, NULL, '2021-02-20 06:31:44', '2021-02-20 06:31:44'),
(1054, 1, NULL, '2021-02-20 06:31:57', '2021-02-20 06:31:57'),
(1055, 1, NULL, '2021-02-20 06:32:01', '2021-02-20 06:32:01'),
(1056, 1, NULL, '2021-02-20 06:32:37', '2021-02-20 06:32:37'),
(1057, 1, NULL, '2021-02-20 06:32:44', '2021-02-20 06:32:44'),
(1058, 1, NULL, '2021-02-20 06:32:50', '2021-02-20 06:32:50'),
(1059, 1, NULL, '2021-02-20 06:32:59', '2021-02-20 06:32:59'),
(1060, 2, NULL, '2021-02-20 06:33:05', '2021-02-20 06:33:05'),
(1061, 1, NULL, '2021-02-20 06:33:14', '2021-02-20 06:33:14'),
(1062, 1, NULL, '2021-02-20 06:37:14', '2021-02-20 06:37:14'),
(1063, 1, NULL, '2021-02-20 06:43:00', '2021-02-20 06:43:00'),
(1064, 1, NULL, '2021-02-20 07:11:11', '2021-02-20 07:11:11'),
(1065, 1, NULL, '2021-02-20 07:14:48', '2021-02-20 07:14:48'),
(1066, 3, NULL, '2021-02-20 08:08:43', '2021-02-20 08:08:43'),
(1067, 2, NULL, '2021-02-21 06:25:45', '2021-02-21 06:25:45'),
(1068, 2, NULL, '2021-02-21 06:27:09', '2021-02-21 06:27:09'),
(1069, 1, NULL, '2021-02-21 06:29:54', '2021-02-21 06:29:54'),
(1070, 3, NULL, '2021-02-21 06:52:53', '2021-02-21 06:52:53'),
(1071, 1, NULL, '2021-02-21 06:53:27', '2021-02-21 06:53:27');

-- --------------------------------------------------------

--
-- Table structure for table `book_rating`
--

CREATE TABLE `book_rating` (
  `br_id` bigint(20) UNSIGNED NOT NULL,
  `br_book_id` bigint(20) NOT NULL,
  `br_client_id` bigint(20) NOT NULL,
  `br_rating_number` tinyint(4) NOT NULL,
  `br_comment` varchar(255) COLLATE utf8_unicode_ci NOT NULL,
  `br_created_at` date NOT NULL DEFAULT current_timestamp(),
  `br_updated_at` date DEFAULT NULL
) ENGINE=InnoDB DEFAULT CHARSET=utf8 COLLATE=utf8_unicode_ci;

--
-- Dumping data for table `book_rating`
--

INSERT INTO `book_rating` (`br_id`, `br_book_id`, `br_client_id`, `br_rating_number`, `br_comment`, `br_created_at`, `br_updated_at`) VALUES
(7, 1, 10, 4, 'This book was good for my child', '2021-02-15', '2021-02-15'),
(8, 1, 10, 3, 'This book was good for my child', '2021-02-15', '2021-02-15'),
(9, 1, 10, 2, 'This book was good for my child', '2021-02-15', '2021-02-15'),
(10, 1, 10, 1, 'This book was good for my child', '2021-02-15', '2021-02-15'),
(11, 1, 10, 5, 'This book was good for my child', '2021-02-15', '2021-02-15'),
(12, 1, 10, 3, 'asdfasdfasdfasdfas', '2021-02-15', '2021-02-15'),
(13, 1, 10, 1, 'sdfgasdfasdfas', '2021-02-15', '2021-02-15'),
(14, 2, 10, 5, 'این کتاب بسیار عالی و پر مفهوم است', '2021-02-15', '2021-02-15');

-- --------------------------------------------------------

--
-- Table structure for table `categories`
--

CREATE TABLE `categories` (
  `ct_id` bigint(20) UNSIGNED NOT NULL,
  `ct_title` varchar(255) COLLATE utf8mb4_unicode_ci NOT NULL,
  `ct_description` varchar(100) COLLATE utf8mb4_unicode_ci DEFAULT NULL,
  `ct_title_dari` varchar(255) COLLATE utf8mb4_unicode_ci NOT NULL,
  `ct_description_dari` varchar(255) COLLATE utf8mb4_unicode_ci DEFAULT NULL,
  `ct_title_pashto` varchar(255) COLLATE utf8mb4_unicode_ci NOT NULL,
  `ct_description_pashto` varchar(255) COLLATE utf8mb4_unicode_ci DEFAULT NULL,
  `ct_status` int(1) NOT NULL DEFAULT 0,
  `ct_created_at` datetime NOT NULL,
  `ct_updated_at` datetime NOT NULL
) ENGINE=MyISAM DEFAULT CHARSET=utf8mb4 COLLATE=utf8mb4_unicode_ci;

--
-- Dumping data for table `categories`
--

INSERT INTO `categories` (`ct_id`, `ct_title`, `ct_description`, `ct_title_dari`, `ct_description_dari`, `ct_title_pashto`, `ct_description_pashto`, `ct_status`, `ct_created_at`, `ct_updated_at`) VALUES
(1, 'History', 'All Contents about history', 'قصه', NULL, 'قصه', NULL, 0, '2020-11-29 06:36:00', '2021-02-18 10:17:36'),
(2, 'English', 'All Books related to English language', 'انگلیسی', NULL, 'انگلیسی', NULL, 0, '2020-11-29 06:57:20', '2021-02-18 10:17:57'),
(6, 'Islamic', 'Books related Islam', 'اسلامیات', 'کتاب های مرتبط به دین اسلام', 'اسلامیلات پشتو', 'کتاب های مرتبط به دین اسلام پشتو', 0, '2021-02-17 12:14:20', '2021-02-17 12:14:20');

-- --------------------------------------------------------

--
-- Table structure for table `clients`
--

CREATE TABLE `clients` (
  `clt_id` bigint(20) UNSIGNED NOT NULL,
  `clt_name` varchar(255) COLLATE utf8mb4_unicode_ci NOT NULL,
  `clt_email` varchar(255) COLLATE utf8mb4_unicode_ci NOT NULL,
  `clt_email_verified_at` datetime DEFAULT NULL,
  `clt_password` varchar(100) COLLATE utf8mb4_unicode_ci NOT NULL,
  `clt_remember_token` varchar(100) COLLATE utf8mb4_unicode_ci DEFAULT NULL,
  `clt_image` varchar(255) COLLATE utf8mb4_unicode_ci DEFAULT NULL,
  `clt_status` int(1) NOT NULL DEFAULT 0,
  `clt_created_at` datetime NOT NULL,
  `clt_updated_at` datetime NOT NULL
) ENGINE=MyISAM DEFAULT CHARSET=utf8mb4 COLLATE=utf8mb4_unicode_ci;

--
-- Dumping data for table `clients`
--

INSERT INTO `clients` (`clt_id`, `clt_name`, `clt_email`, `clt_email_verified_at`, `clt_password`, `clt_remember_token`, `clt_image`, `clt_status`, `clt_created_at`, `clt_updated_at`) VALUES
(1, 'Sayed Rahim', 'rahim@gmail.com', NULL, '$2y$10$.wAL21c5bn7gnOOL41pre.MxmJHuexDpiPO83zA9eOL4JePIcgusa', NULL, NULL, 0, '2020-12-22 05:28:17', '2020-12-22 05:28:17'),
(3, 'khalid', 'khalid@gmail.com', NULL, '$2y$10$NN4ib/GIrkW2Q.HpSNo6Ce8cQVPFwwh0uN7IU6x/JgsizWrGwvdbO', NULL, NULL, 0, '2020-12-22 07:17:28', '2020-12-22 07:17:28'),
(4, 'Mirwais', 'ahmadi@czesp.com', NULL, '$2y$10$NN4ib/GIrkW2Q.HpSNo6Ce8cQVPFwwh0uN7IU6x/JgsizWrGwvdbO', NULL, NULL, 0, '2020-12-22 09:04:03', '2020-12-22 09:04:03'),
(7, 'Sayed Rahim', 'rahim@czcoding.com', NULL, '$2y$10$QtJVO6ZILgjEGuWN50UYu.z240GhW8lRcQcfoC/zNRmcNcptHHSDO', NULL, NULL, 0, '2020-12-24 05:14:14', '2020-12-24 05:14:14'),
(5, 'Shafiq', 'admin@nomail.com', NULL, '$2y$10$KtDP5qFK5S1PtKpQgx/WoeIMVSXjt32kLTb9cmxCPZ9z8Q9YSiTMa', NULL, NULL, 0, '2020-12-23 06:53:28', '2020-12-23 06:53:28'),
(6, 'MakeItWork', 'work@mail.com', NULL, '$2y$10$CcP4Dgg8RVEhMacRzwKjpupDj.z7u.kSg5BcxKCakkoN3VKfsFVFi', NULL, NULL, 0, '2020-12-23 07:07:46', '2020-12-23 07:07:46'),
(8, 'Khalid Rahim', 'khalid@mail.com', NULL, '$2y$10$HKn2lHsWTErTPLO0VXoGEeDfn0OSmsdkteapYfyjZK07mUP7KpTAa', NULL, NULL, 0, '2020-12-24 05:23:24', '2020-12-24 05:23:24'),
(9, 'Clients', 'client@bb.com', NULL, '$2y$10$2E5BU6ieAPhlwRIh2q0vtOe5ruD6gkcXJvi2sNQdQcTdLUpPwAJSe', NULL, NULL, 0, '2020-12-27 08:18:47', '2020-12-27 08:18:47'),
(10, 'Subhan Waisy', 'mahboob.waisy@gmail.com', NULL, '$2y$10$EVtEeayA0xseRrluTpPkaepo4bumNHTvbuwLbzMq4VcyjczmsPVra', NULL, NULL, 0, '2021-02-09 10:09:13', '2021-02-18 09:48:21');

-- --------------------------------------------------------

--
-- Table structure for table `failed_jobs`
--

CREATE TABLE `failed_jobs` (
  `id` bigint(20) UNSIGNED NOT NULL,
  `connection` text COLLATE utf8mb4_unicode_ci NOT NULL,
  `queue` text COLLATE utf8mb4_unicode_ci NOT NULL,
  `payload` longtext COLLATE utf8mb4_unicode_ci NOT NULL,
  `exception` longtext COLLATE utf8mb4_unicode_ci NOT NULL,
  `failed_at` timestamp NOT NULL DEFAULT current_timestamp()
) ENGINE=MyISAM DEFAULT CHARSET=utf8mb4 COLLATE=utf8mb4_unicode_ci;

-- --------------------------------------------------------

--
-- Table structure for table `favorites`
--

CREATE TABLE `favorites` (
  `fav_id` bigint(20) UNSIGNED NOT NULL,
  `fav_client_id` bigint(20) NOT NULL,
  `fav_book_id` bigint(20) NOT NULL,
  `fav_created_at` datetime NOT NULL,
  `fav_updated_at` datetime NOT NULL
) ENGINE=MyISAM DEFAULT CHARSET=utf8mb4 COLLATE=utf8mb4_unicode_ci;

--
-- Dumping data for table `favorites`
--

INSERT INTO `favorites` (`fav_id`, `fav_client_id`, `fav_book_id`, `fav_created_at`, `fav_updated_at`) VALUES
(1, 1, 2, '2020-12-30 09:16:02', '2020-12-30 09:16:02'),
(2, 1, 3, '2020-12-30 10:43:26', '2020-12-30 10:43:26'),
(3, 10, 7, '2021-02-10 06:21:21', '2021-02-10 06:21:21'),
(4, 10, 1, '2021-02-11 04:48:12', '2021-02-11 04:48:12');

-- --------------------------------------------------------

--
-- Table structure for table `migrations`
--

CREATE TABLE `migrations` (
  `id` int(10) UNSIGNED NOT NULL,
  `migration` varchar(255) COLLATE utf8mb4_unicode_ci NOT NULL,
  `batch` int(11) NOT NULL
) ENGINE=MyISAM DEFAULT CHARSET=utf8mb4 COLLATE=utf8mb4_unicode_ci;

--
-- Dumping data for table `migrations`
--

INSERT INTO `migrations` (`id`, `migration`, `batch`) VALUES
(1, '2014_10_12_000000_create_users_table', 1),
(2, '2014_10_12_100000_create_password_resets_table', 2),
(3, '2019_08_19_000000_create_failed_jobs_table', 2),
(4, '2020_11_23_054254_create_books_table', 2),
(5, '2020_11_23_055354_create_categories_table', 2),
(6, '2020_11_23_055619_create_authors_table', 2),
(7, '2020_11_30_044828_create_book_attachment_table', 3),
(8, '2020_12_22_050912_create_client_table', 4),
(9, '2020_12_27_065635_create_favorite_table', 5),
(10, '2020_12_27_070131_create_book_counter_table', 5);

-- --------------------------------------------------------

--
-- Table structure for table `password_resets`
--

CREATE TABLE `password_resets` (
  `email` varchar(64) COLLATE utf8mb4_unicode_ci NOT NULL,
  `token` varchar(255) COLLATE utf8mb4_unicode_ci NOT NULL,
  `created_at` timestamp NULL DEFAULT NULL
) ENGINE=MyISAM DEFAULT CHARSET=utf8mb4 COLLATE=utf8mb4_unicode_ci;

-- --------------------------------------------------------

--
-- Table structure for table `users`
--

CREATE TABLE `users` (
  `u_id` bigint(20) UNSIGNED NOT NULL,
  `u_name` varchar(255) COLLATE utf8mb4_unicode_ci NOT NULL,
  `u_lastname` varchar(255) COLLATE utf8mb4_unicode_ci NOT NULL,
  `u_email` varchar(64) COLLATE utf8mb4_unicode_ci NOT NULL,
  `u_email_verified_at` datetime DEFAULT NULL,
  `u_password` varchar(255) COLLATE utf8mb4_unicode_ci NOT NULL,
  `u_image` varchar(255) COLLATE utf8mb4_unicode_ci DEFAULT NULL,
  `u_type` varchar(10) COLLATE utf8mb4_unicode_ci NOT NULL DEFAULT 'admin',
  `remember_token` varchar(100) COLLATE utf8mb4_unicode_ci DEFAULT NULL,
  `u_created_at` datetime NOT NULL,
  `u_updated_at` datetime NOT NULL
) ENGINE=MyISAM DEFAULT CHARSET=utf8mb4 COLLATE=utf8mb4_unicode_ci;

--
-- Dumping data for table `users`
--

INSERT INTO `users` (`u_id`, `u_name`, `u_lastname`, `u_email`, `u_email_verified_at`, `u_password`, `u_image`, `u_type`, `remember_token`, `u_created_at`, `u_updated_at`) VALUES
(4, 'Sayedrahim', 'Rahimi', 'admin@bb.com', NULL, '$2y$10$45MThVwDzbsv/K3mJr14DO3REyjYOtqQe2NDwZLQWXqjLlxQuPbUK', NULL, 'admin', NULL, '2020-12-16 09:11:35', '2020-12-16 09:11:35'),
(5, 'Sayed Rahim', 'Rahimi', 'rahim@czcoding.com', NULL, '$2y$10$cIEBFBR8QVz7T5U9GPmJAecj9sMb27CC0ywWC9/H4vnRvwfrmTqcu', 'Gd4Nbkbdqj1VsyY2zzjIWT4v0tR6lfWuTohFz3Rz.png', 'admin', NULL, '2020-12-19 09:52:49', '2020-12-20 08:37:36'),
(7, 'Sayedrahim', 'Rahimi', 'rahim1@czcoding.com', NULL, '$2y$10$9zpW7OtzaAiqpdkESmMrE.E8HG07.Xps9gcT0ph3ACFkGgB91X2rC', NULL, 'admin', NULL, '2020-12-23 08:54:44', '2020-12-23 08:54:44'),
(8, 'Sayed Rahim', 'Rahimi', 'rahim2@czcoding.com', NULL, '$2y$10$BzBANdZJw5sNfR0i.2CQxOaUfA1bOj43GZh/938/1ZUubSlfKxZae', NULL, 'admin', NULL, '2020-12-24 05:17:29', '2020-12-24 05:17:29'),
(9, 'Subhan ', 'Waisy', 'mahboob.waisy@gmail.com', NULL, '$2y$10$DbZ50uoG/an9iLfIaBrfvOIu7I2qaZdP.F50Ke4P8o.D1KEXZ74am', NULL, 'admin', NULL, '2021-02-10 09:05:17', '2021-02-10 09:05:17');

--
-- Indexes for dumped tables
--

--
-- Indexes for table `authors`
--
ALTER TABLE `authors`
  ADD PRIMARY KEY (`atr_id`);

--
-- Indexes for table `books`
--
ALTER TABLE `books`
  ADD PRIMARY KEY (`bk_id`);

--
-- Indexes for table `book_attachments`
--
ALTER TABLE `book_attachments`
  ADD PRIMARY KEY (`at_id`);

--
-- Indexes for table `book_counters`
--
ALTER TABLE `book_counters`
  ADD PRIMARY KEY (`bc_id`);

--
-- Indexes for table `book_rating`
--
ALTER TABLE `book_rating`
  ADD PRIMARY KEY (`br_id`);

--
-- Indexes for table `categories`
--
ALTER TABLE `categories`
  ADD PRIMARY KEY (`ct_id`);

--
-- Indexes for table `clients`
--
ALTER TABLE `clients`
  ADD PRIMARY KEY (`clt_id`);

--
-- Indexes for table `failed_jobs`
--
ALTER TABLE `failed_jobs`
  ADD PRIMARY KEY (`id`);

--
-- Indexes for table `favorites`
--
ALTER TABLE `favorites`
  ADD PRIMARY KEY (`fav_id`);

--
-- Indexes for table `migrations`
--
ALTER TABLE `migrations`
  ADD PRIMARY KEY (`id`);

--
-- Indexes for table `password_resets`
--
ALTER TABLE `password_resets`
  ADD KEY `password_resets_email_index` (`email`);

--
-- Indexes for table `users`
--
ALTER TABLE `users`
  ADD PRIMARY KEY (`u_id`),
  ADD UNIQUE KEY `users_u_email_unique` (`u_email`);

--
-- AUTO_INCREMENT for dumped tables
--

--
-- AUTO_INCREMENT for table `authors`
--
ALTER TABLE `authors`
  MODIFY `atr_id` bigint(20) UNSIGNED NOT NULL AUTO_INCREMENT, AUTO_INCREMENT=7;

--
-- AUTO_INCREMENT for table `books`
--
ALTER TABLE `books`
  MODIFY `bk_id` bigint(20) UNSIGNED NOT NULL AUTO_INCREMENT, AUTO_INCREMENT=18;

--
-- AUTO_INCREMENT for table `book_attachments`
--
ALTER TABLE `book_attachments`
  MODIFY `at_id` bigint(20) UNSIGNED NOT NULL AUTO_INCREMENT, AUTO_INCREMENT=25;

--
-- AUTO_INCREMENT for table `book_counters`
--
ALTER TABLE `book_counters`
  MODIFY `bc_id` bigint(20) UNSIGNED NOT NULL AUTO_INCREMENT, AUTO_INCREMENT=1072;

--
-- AUTO_INCREMENT for table `book_rating`
--
ALTER TABLE `book_rating`
  MODIFY `br_id` bigint(20) UNSIGNED NOT NULL AUTO_INCREMENT, AUTO_INCREMENT=15;

--
-- AUTO_INCREMENT for table `categories`
--
ALTER TABLE `categories`
  MODIFY `ct_id` bigint(20) UNSIGNED NOT NULL AUTO_INCREMENT, AUTO_INCREMENT=7;

--
-- AUTO_INCREMENT for table `clients`
--
ALTER TABLE `clients`
  MODIFY `clt_id` bigint(20) UNSIGNED NOT NULL AUTO_INCREMENT, AUTO_INCREMENT=11;

--
-- AUTO_INCREMENT for table `failed_jobs`
--
ALTER TABLE `failed_jobs`
  MODIFY `id` bigint(20) UNSIGNED NOT NULL AUTO_INCREMENT;

--
-- AUTO_INCREMENT for table `favorites`
--
ALTER TABLE `favorites`
  MODIFY `fav_id` bigint(20) UNSIGNED NOT NULL AUTO_INCREMENT, AUTO_INCREMENT=5;

--
-- AUTO_INCREMENT for table `migrations`
--
ALTER TABLE `migrations`
  MODIFY `id` int(10) UNSIGNED NOT NULL AUTO_INCREMENT, AUTO_INCREMENT=11;

--
-- AUTO_INCREMENT for table `users`
--
ALTER TABLE `users`
  MODIFY `u_id` bigint(20) UNSIGNED NOT NULL AUTO_INCREMENT, AUTO_INCREMENT=10;
COMMIT;

/*!40101 SET CHARACTER_SET_CLIENT=@OLD_CHARACTER_SET_CLIENT */;
/*!40101 SET CHARACTER_SET_RESULTS=@OLD_CHARACTER_SET_RESULTS */;
/*!40101 SET COLLATION_CONNECTION=@OLD_COLLATION_CONNECTION */;
